{"milestones":[],"attachments":[{"url":"https:\/\/bitbucket.org\/kevindunn\/quest\/issues\/attachments\/9\/kevindunn\/quest\/1358126907.55\/9\/Screen%20Shot%202013-01-13%20at%2020.28.21%20.png","path":"attachments\/7a4f88243acf4510b5b7be86c8553761","issue":9,"user":"kevindunn","filename":"Screen Shot 2013-01-13 at 20.28.21 .png"},{"url":"https:\/\/bitbucket.org\/kevindunn\/quest\/issues\/attachments\/7\/kevindunn\/quest\/1358124416.13\/7\/Screen%20Shot%202013-01-13%20at%2019.47.09%20.png","path":"attachments\/4d206030b41948a6a24449c28e60d62a","issue":7,"user":"kevindunn","filename":"Screen Shot 2013-01-13 at 19.47.09 .png"},{"url":"https:\/\/bitbucket.org\/kevindunn\/quest\/issues\/attachments\/8\/kevindunn\/quest\/1358126010.06\/8\/Screen%20Shot%202013-01-13%20at%2020.13.28%20.png","path":"attachments\/0e52a7bfcb8b41809523ee062ff4aadd","issue":8,"user":"kevindunn","filename":"Screen Shot 2013-01-13 at 20.13.28 .png"},{"url":"https:\/\/bitbucket.org\/kevindunn\/quest\/issues\/attachments\/56\/kevindunn\/quest\/1359389849.33\/56\/Screen%20Shot%202013-01-28%20at%2011.17.01%20.png","path":"attachments\/43e4bcc121aa4dca976b3f22a671f2cf","issue":56,"user":"kevindunn","filename":"Screen Shot 2013-01-28 at 11.17.01 .png"},{"url":"https:\/\/bitbucket.org\/kevindunn\/quest\/issues\/attachments\/57\/kevindunn\/quest\/1359390435.7\/57\/Screen%20Shot%202013-01-28%20at%2011.26.51%20.png","path":"attachments\/1b572443a9d045b6a7c9b20f79e3abce","issue":57,"user":"kevindunn","filename":"Screen Shot 2013-01-28 at 11.26.51 .png"},{"url":"https:\/\/bitbucket.org\/kevindunn\/quest\/issues\/attachments\/116\/kevindunn\/quest\/1389995952.19\/116\/Screen%20Shot%202014-01-17%20at%2016.58.38%20.png","path":"attachments\/659ef14900d847ef8aa020b89966b632","issue":116,"user":"kevindunn","filename":"Screen Shot 2014-01-17 at 16.58.38 .png"}],"versions":[],"comments":[{"content":"See #1","created_on":"2013-08-24T18:15:56.114327+00:00","user":"kevindunn","updated_on":null,"issue":4,"id":5771071},{"content":null,"created_on":"2013-08-08T14:43:34.739986+00:00","user":"kevindunn","updated_on":null,"issue":95,"id":5502593},{"content":null,"created_on":"2013-08-08T14:40:54.118833+00:00","user":"kevindunn","updated_on":null,"issue":95,"id":5502561},{"content":"Not enough info","created_on":"2013-08-16T02:43:51.086932+00:00","user":"kevindunn","updated_on":null,"issue":80,"id":5670870},{"content":"huh? Not sure how it will be different for students answering questions on their phones.","created_on":"2013-08-23T21:27:26.569540+00:00","user":"kevindunn","updated_on":null,"issue":66,"id":5765527},{"content":null,"created_on":"2013-08-23T21:28:51.276430+00:00","user":"kevindunn","updated_on":null,"issue":63,"id":5765536},{"content":"Not the intention of this system to have questions this complex.","created_on":"2013-08-23T21:29:20.467299+00:00","user":"kevindunn","updated_on":null,"issue":62,"id":5765545},{"content":"Not a big deal","created_on":"2013-08-24T18:32:41.043431+00:00","user":"kevindunn","updated_on":null,"issue":9,"id":5771146},{"content":null,"created_on":"2013-08-24T18:55:09.971785+00:00","user":"kevindunn","updated_on":null,"issue":11,"id":5771262},{"content":"Done. We already delete the session key","created_on":"2013-08-24T18:56:08.920587+00:00","user":"kevindunn","updated_on":null,"issue":11,"id":5771268},{"content":null,"created_on":"2013-08-24T18:58:57.820865+00:00","user":"kevindunn","updated_on":null,"issue":16,"id":5771285},{"content":null,"created_on":"2013-08-24T23:38:20.721788+00:00","user":"kevindunn","updated_on":null,"issue":21,"id":5772550},{"content":null,"created_on":"2013-08-24T23:43:47.388764+00:00","user":"kevindunn","updated_on":null,"issue":21,"id":5772662},{"content":"Fixed in 7588af90a447","created_on":"2013-08-25T12:56:57.283838+00:00","user":"kevindunn","updated_on":null,"issue":46,"id":5777392},{"content":"Done","created_on":"2013-08-25T12:57:12.627971+00:00","user":"kevindunn","updated_on":null,"issue":47,"id":5777395},{"content":null,"created_on":"2013-08-25T12:58:56.861549+00:00","user":"kevindunn","updated_on":null,"issue":50,"id":5777406},{"content":null,"created_on":"2013-08-27T02:45:03.591525+00:00","user":"kevindunn","updated_on":null,"issue":50,"id":5808403},{"content":null,"created_on":"2013-08-27T02:45:16.180338+00:00","user":"kevindunn","updated_on":null,"issue":50,"id":5808405},{"content":"See #74 and #86\n","created_on":"2013-08-25T13:06:37.777013+00:00","user":"kevindunn","updated_on":"2013-08-25T13:09:37.965482+00:00","issue":78,"id":5777440},{"content":"Both items fixed in 8ba903592e22","created_on":"2013-08-27T03:32:17.074860+00:00","user":"kevindunn","updated_on":null,"issue":78,"id":5808680},{"content":"Fixed","created_on":"2013-08-25T13:07:23.843745+00:00","user":"kevindunn","updated_on":null,"issue":81,"id":5777444},{"content":"See #78","created_on":"2013-08-25T13:09:44.356919+00:00","user":"kevindunn","updated_on":null,"issue":86,"id":5777456},{"content":"Done, all unit tests pass now.","created_on":"2013-09-02T02:34:32.747142+00:00","user":"kevindunn","updated_on":null,"issue":86,"id":5890939},{"content":null,"created_on":"2013-08-25T13:11:33.662227+00:00","user":"kevindunn","updated_on":null,"issue":92,"id":5777474},{"content":null,"created_on":"2013-08-25T13:11:00.573252+00:00","user":"kevindunn","updated_on":null,"issue":92,"id":5777469},{"content":null,"created_on":"2013-08-26T12:33:59.869110+00:00","user":"kevindunn","updated_on":null,"issue":92,"id":5798138},{"content":"See #40 #41 #50","created_on":"2013-08-25T13:12:05.466190+00:00","user":"kevindunn","updated_on":null,"issue":93,"id":5777477},{"content":"Fixed in 2b28638de816","created_on":"2013-08-27T02:43:46.518551+00:00","user":"kevindunn","updated_on":null,"issue":93,"id":5808396},{"content":"See #93","created_on":"2013-08-25T13:12:17.012956+00:00","user":"kevindunn","updated_on":null,"issue":40,"id":5777478},{"content":"Fixed in 2b28638de816","created_on":"2013-08-27T02:43:36.552556+00:00","user":"kevindunn","updated_on":null,"issue":40,"id":5808395},{"content":"Eg. `ParseError` is sometimes raised, if question begins with the `#----` parts","created_on":"2013-08-26T20:36:54.604678+00:00","user":"kevindunn","updated_on":null,"issue":98,"id":5805470},{"content":null,"created_on":"2013-08-27T22:30:29.073683+00:00","user":"kevindunn","updated_on":null,"issue":73,"id":5822808},{"content":null,"created_on":"2013-08-27T22:33:46.405005+00:00","user":"kevindunn","updated_on":null,"issue":99,"id":5822833},{"content":"Fixed: a4668ea90125","created_on":"2013-08-29T00:19:45.596560+00:00","user":"kevindunn","updated_on":null,"issue":99,"id":5846206},{"content":"9c559baf7a3d","created_on":"2013-09-02T02:32:12.430388+00:00","user":"kevindunn","updated_on":null,"issue":88,"id":5890929},{"content":null,"created_on":"2013-01-16T15:49:20.605219+00:00","user":"kevindunn","updated_on":null,"issue":23,"id":2857670},{"content":"Done","created_on":"2013-01-28T15:50:12.685107+00:00","user":"kevindunn","updated_on":null,"issue":39,"id":2967576},{"content":"Done: 26 Jan","created_on":"2013-01-26T12:04:37.665189+00:00","user":"kevindunn","updated_on":null,"issue":19,"id":2952233},{"content":null,"created_on":"2013-01-21T13:08:14.458998+00:00","user":"kevindunn","updated_on":null,"issue":10,"id":2896464},{"content":"Not","created_on":"2013-08-16T02:46:04.256936+00:00","user":"kevindunn","updated_on":null,"issue":10,"id":5670885},{"content":"Done","created_on":"2013-08-23T20:56:53.928759+00:00","user":"kevindunn","updated_on":null,"issue":89,"id":5765348},{"content":".?","created_on":"2013-08-16T03:02:35.347488+00:00","user":"kevindunn","updated_on":null,"issue":31,"id":5670988},{"content":"Done in 8f2caf9","created_on":"2013-01-16T14:25:38.671549+00:00","user":"kevindunn","updated_on":null,"issue":7,"id":2856612},{"content":"Done in 8f2caf9","created_on":"2013-01-16T14:25:20.000669+00:00","user":"kevindunn","updated_on":null,"issue":8,"id":2856610},{"content":"Fixed in 23c47ed99e01","created_on":"2013-01-28T13:01:42.875907+00:00","user":"kevindunn","updated_on":null,"issue":36,"id":2965899},{"content":null,"created_on":"2013-01-16T15:49:03.540430+00:00","user":"kevindunn","updated_on":null,"issue":18,"id":2857665},{"content":"Done","created_on":"2013-08-16T02:45:03.690675+00:00","user":"kevindunn","updated_on":null,"issue":18,"id":5670878},{"content":"Not sure what to do here","created_on":"2013-08-24T23:44:46.551939+00:00","user":"kevindunn","updated_on":null,"issue":28,"id":5772664},{"content":"Done. We now upload students via a CSV file.","created_on":"2013-08-24T18:58:04.508325+00:00","user":"kevindunn","updated_on":null,"issue":15,"id":5771277},{"content":null,"created_on":"2013-01-26T12:22:31.873406+00:00","user":"kevindunn","updated_on":null,"issue":37,"id":2952292},{"content":"Not really useful: Django's auth model always updates the minute they currently log in, so it is not useful to use.","created_on":"2013-08-25T00:02:51.955841+00:00","user":"kevindunn","updated_on":null,"issue":37,"id":5772712},{"content":"Not required. See log file.","created_on":"2013-08-25T00:03:15.453120+00:00","user":"kevindunn","updated_on":null,"issue":38,"id":5772713},{"content":"Done","created_on":"2013-01-28T15:12:34.217991+00:00","user":"kevindunn","updated_on":null,"issue":42,"id":2967175},{"content":null,"created_on":"2013-03-03T23:24:19.129464+00:00","user":"kevindunn","updated_on":null,"issue":74,"id":3297682},{"content":"See #78","created_on":"2013-08-25T13:06:24.008275+00:00","user":"kevindunn","updated_on":null,"issue":74,"id":5777438},{"content":"Done, I think","created_on":"2013-09-02T02:34:15.615818+00:00","user":"kevindunn","updated_on":null,"issue":74,"id":5890936},{"content":"Not sure what to do here anymore","created_on":"2013-08-25T12:58:18.814966+00:00","user":"kevindunn","updated_on":null,"issue":49,"id":5777404},{"content":"Done","created_on":"2013-08-27T15:05:29.404602+00:00","user":"kevindunn","updated_on":null,"issue":56,"id":5817187},{"content":"Already done","created_on":"2013-08-25T19:57:33.361864+00:00","user":"kevindunn","updated_on":null,"issue":57,"id":5789922},{"content":"Because retrieval order of quests got messed up. Fixed now.","created_on":"2013-01-30T01:42:09.038350+00:00","user":"kevindunn","updated_on":null,"issue":54,"id":2983999},{"content":"Not sure what to do with this","created_on":"2013-08-23T21:27:49.459358+00:00","user":"kevindunn","updated_on":null,"issue":65,"id":5765528},{"content":"See #52 also\n","created_on":"2013-08-25T13:03:15.148394+00:00","user":"kevindunn","updated_on":null,"issue":67,"id":5777424},{"content":"Done","created_on":"2013-02-10T00:05:40.902218+00:00","user":"kevindunn","updated_on":null,"issue":70,"id":3088667},{"content":"Not going to resolve yet. I can't switch to Gmail or to McMaster due to the heavy email load that might be incurred.","created_on":"2013-08-23T20:57:34.371679+00:00","user":"kevindunn","updated_on":null,"issue":64,"id":5765355},{"content":"Related: we must be able to view solutions to prior tests, while not showing them for the current test. See #34 also.","created_on":"2013-08-27T22:33:29.572235+00:00","user":"kevindunn","updated_on":"2013-08-27T22:34:32.431151+00:00","issue":82,"id":5822829},{"content":"Nope. Moved to using times, rather than tokens. Tokens are for authentication only.","created_on":"2013-08-29T00:20:40.158048+00:00","user":"kevindunn","updated_on":null,"issue":82,"id":5846211},{"content":null,"created_on":"2013-03-15T21:15:14.783285+00:00","user":"kevindunn","updated_on":null,"issue":75,"id":3424607},{"content":"Moved them to a blank course","created_on":"2013-08-25T13:07:02.921133+00:00","user":"kevindunn","updated_on":null,"issue":79,"id":5777441},{"content":"Done - long ago.","created_on":"2013-08-25T00:05:23.928393+00:00","user":"kevindunn","updated_on":null,"issue":45,"id":5772714},{"content":null,"created_on":"2013-03-11T01:22:38.190854+00:00","user":"kevindunn","updated_on":null,"issue":27,"id":3366873},{"content":null,"created_on":"2013-01-29T00:12:19.184722+00:00","user":"kevindunn","updated_on":null,"issue":27,"id":2972074},{"content":"Done","created_on":"2013-08-13T21:44:26.398601+00:00","user":"kevindunn","updated_on":null,"issue":94,"id":5602400},{"content":null,"created_on":"2013-08-24T23:59:31.053995+00:00","user":"kevindunn","updated_on":null,"issue":33,"id":5772700},{"content":"Fixed in 2b28638de816","created_on":"2013-08-27T02:43:08.184666+00:00","user":"kevindunn","updated_on":null,"issue":33,"id":5808388},{"content":"Done in fb31c43219bf","created_on":"2013-08-23T21:44:42.365982+00:00","user":"kevindunn","updated_on":null,"issue":60,"id":5765684},{"content":null,"created_on":"2013-08-24T23:58:59.121930+00:00","user":"kevindunn","updated_on":null,"issue":30,"id":5772699},{"content":"Done. They are two separate courses","created_on":"2013-08-25T00:00:42.129133+00:00","user":"kevindunn","updated_on":null,"issue":35,"id":5772704},{"content":"Good to know.","created_on":"2013-08-25T13:00:31.136009+00:00","user":"kevindunn","updated_on":null,"issue":53,"id":5777413},{"content":null,"created_on":"2013-08-25T12:59:16.250275+00:00","user":"kevindunn","updated_on":null,"issue":52,"id":5777407},{"content":"Done. Added red text.","created_on":"2013-08-25T13:04:02.855681+00:00","user":"kevindunn","updated_on":null,"issue":72,"id":5777429},{"content":null,"created_on":"2013-08-25T13:04:08.516822+00:00","user":"kevindunn","updated_on":null,"issue":72,"id":5777430},{"content":"Fixed in aaca78c8d17f","created_on":"2013-08-25T19:38:59.889327+00:00","user":"kevindunn","updated_on":null,"issue":43,"id":5789777},{"content":null,"created_on":"2013-01-27T21:39:38.026914+00:00","user":"kevindunn","updated_on":null,"issue":41,"id":2960364},{"content":"Unable to display answers (only have codes; not text access). But it is still clear what has been recorded. \n\nFixed in 2b28638de816","created_on":"2013-08-27T02:44:24.059426+00:00","user":"kevindunn","updated_on":null,"issue":41,"id":5808398},{"content":"Fixed: #a4668ea90125","created_on":"2013-08-29T00:19:15.850526+00:00","user":"kevindunn","updated_on":null,"issue":100,"id":5846202},{"content":"Done in c17b843d9706","created_on":"2013-08-29T03:46:23.313485+00:00","user":"kevindunn","updated_on":null,"issue":12,"id":5847329},{"content":null,"created_on":"2013-09-05T21:38:05.073289+00:00","user":"kevindunn","updated_on":null,"issue":102,"id":5948195},{"content":"Not going to add it. Can be used for off-line data analysis though","created_on":"2013-08-25T12:57:51.039846+00:00","user":"kevindunn","updated_on":null,"issue":48,"id":5777398},{"content":"Fixed in 21c6a84afa58","created_on":"2013-01-27T21:28:42.226993+00:00","user":"kevindunn","updated_on":null,"issue":51,"id":2960284},{"content":"Can handle other email addresses.","created_on":"2013-01-16T12:49:44.472859+00:00","user":"kevindunn","updated_on":null,"issue":3,"id":2855746},{"content":"Done in d5742fde550a","created_on":"2013-01-16T15:47:46.062472+00:00","user":"kevindunn","updated_on":null,"issue":24,"id":2857645},{"content":"Done","created_on":"2013-01-16T14:24:32.786672+00:00","user":"kevindunn","updated_on":null,"issue":17,"id":2856604},{"content":"?","created_on":"2013-08-16T03:05:43.627783+00:00","user":"kevindunn","updated_on":null,"issue":29,"id":5671013},{"content":"Done","created_on":"2013-08-15T20:49:14.832992+00:00","user":"kevindunn","updated_on":null,"issue":90,"id":5668625},{"content":"Can handle all of these now.","created_on":"2013-01-26T13:06:38.276823+00:00","user":"kevindunn","updated_on":null,"issue":32,"id":2952444},{"content":"Fixed. Tokens are for authentication.\n\nTiming Objects are used to help decide authorization on what can be done (answering questions, seeing solutions, etc)","created_on":"2013-08-29T00:21:23.197595+00:00","user":"kevindunn","updated_on":null,"issue":34,"id":5846214},{"content":"Not been an issue that I'm aware of.","created_on":"2013-08-25T13:02:05.678196+00:00","user":"kevindunn","updated_on":null,"issue":58,"id":5777421},{"content":"Was key error. Resolved.","created_on":"2013-01-30T01:41:32.590705+00:00","user":"kevindunn","updated_on":null,"issue":59,"id":2983997},{"content":"Fixed around 21c6a84afa58","created_on":"2013-01-27T21:28:18.765742+00:00","user":"kevindunn","updated_on":null,"issue":44,"id":2960281},{"content":"Done in 1c38c30cf2cf","created_on":"2013-08-23T21:25:34.001394+00:00","user":"kevindunn","updated_on":null,"issue":91,"id":5765516}],"meta":{"default_milestone":null,"default_assignee":null,"default_kind":"bug","default_component":null,"default_version":null},"components":[],"issues":[{"status":"new","priority":"major","kind":"bug","content_updated_on":"2013-03-04T00:03:58.955670+00:00","voters":[],"title":"MCQ templates are fragile","reporter":"kevindunn","component":null,"watchers":["kevindunn"],"content":"[[type]]\r\nmulti\r\n[[attribs]]\r\nContributor: Kevin Dunn\r\nDifficulty: 2\r\nTags: least squares, linear model\r\nGrade: 2\r\n[[question]]\r\nCheck all options that *correctly apply*:\r\n\r\nA least squares model, \\(y_i = b_0 + b_1 x_i + e_i\\), shows signs of non-constant error variance:\r\n\r\n--\r\n& The model coefficients \\(b_0\\) and \\(b_1\\) will not be calculated correctly.\r\n^ Confidence intervals for \\(\\beta_0\\) and \\(\\beta_1\\) will be wider than they would otherwise be.\r\n^ The problem may be reduced by using weighted least squares instead.\r\n^ The problem is detected when plotting the residuals against the predicted \\(y\\)-values.\r\n& Is problematic, because it means the residuals are not normally distributed.\r\n[[Solution]]\r\nThe above works\r\n\r\n\r\n[[type]]\r\nmulti\r\n[[attribs]]\r\nContributor: Kevin Dunn\r\nDifficulty: 2\r\nTags: least squares, linear model\r\nGrade: 2\r\n[[question]]\r\nCheck all options that *correctly apply*:\r\n\r\nA least squares model, \\(y_i = b_0 + b_1 x_i + e_i\\), shows signs of non-constant error variance:\r\n\r\n--\r\n& The model coefficients \\(b_0\\) and \\(b_1\\) will not be calculated correctly.\r\n^ Confidence intervals for \\(\\beta_0\\) and \\(\\beta_1\\) will be wider than they would otherwise be.\r\n^ The problem may be reduced by using weighted least squares instead.\r\n^ The problem is detected when plotting the residuals against the predicted \\(y\\)-values.\r\n& Is problematic, because it means the residuals are not normally distributed.\r\n\r\n[[Solution]]\r\nLeaving an extra line above Solution causes bad checkbox placement","assignee":null,"created_on":"2013-03-04T00:03:58.948612+00:00","version":null,"edited_on":null,"milestone":null,"updated_on":"2013-03-04T00:03:58.948612+00:00","id":76},{"status":"new","priority":"major","kind":"enhancement","content_updated_on":"2013-01-09T21:02:52.671713+00:00","voters":[],"title":"Print all tests (and solutions)","reporter":"kevindunn","component":null,"watchers":["kevindunn"],"content":"PDF\r\nHTML","assignee":null,"created_on":"2013-01-09T21:02:52.666456+00:00","version":null,"edited_on":null,"milestone":null,"updated_on":"2013-08-24T18:15:56.076499+00:00","id":4},{"status":"new","priority":"major","kind":"bug","content_updated_on":null,"voters":[],"title":"Groups:","reporter":"kevindunn","component":null,"watchers":["kevindunn"],"content":"Have the \"group\" be a setting related to the course.\r\nEach course may have different group specifications","assignee":null,"created_on":"2014-01-14T16:42:08.349880+00:00","version":null,"edited_on":null,"milestone":null,"updated_on":"2014-01-14T16:42:08.349880+00:00","id":115},{"status":"new","priority":"major","kind":"bug","content_updated_on":null,"voters":[],"title":"Robust images","reporter":"kevindunn","component":null,"watchers":["kevindunn"],"content":"Make a nice way to get link to images","assignee":null,"created_on":"2013-11-19T21:34:22.229748+00:00","version":null,"edited_on":null,"milestone":null,"updated_on":"2013-11-19T21:34:22.229748+00:00","id":106},{"status":"new","priority":"major","kind":"bug","content_updated_on":null,"voters":[],"title":"Question creation","reporter":"kevindunn","component":null,"watchers":["kevindunn"],"content":"Have a step-by step process to create questions for the user.","assignee":null,"created_on":"2013-11-19T21:34:40.617639+00:00","version":null,"edited_on":null,"milestone":null,"updated_on":"2013-11-19T21:34:40.617639+00:00","id":107},{"status":"new","priority":"major","kind":"bug","content_updated_on":"2013-08-08T14:43:34.717502+00:00","voters":[],"title":"Allow for student groups and peer evaluation","reporter":"kevindunn","component":null,"watchers":["kevindunn"],"content":"* Weekly peer evaluations\r\n* State who was the chair\r\n* Anonymous feedback for any of your group members?","assignee":null,"created_on":"2013-08-08T14:34:03.509834+00:00","version":null,"edited_on":null,"milestone":null,"updated_on":"2013-08-08T14:43:34.715207+00:00","id":95},{"status":"resolved","priority":"major","kind":"bug","content_updated_on":"2013-03-16T18:16:46.100232+00:00","voters":[],"title":"Why is it messing up test creation for 600-level students?","reporter":"kevindunn","component":null,"watchers":["kevindunn"],"content":"","assignee":null,"created_on":"2013-03-16T18:16:46.096062+00:00","version":null,"edited_on":null,"milestone":null,"updated_on":"2013-08-16T02:43:51.061143+00:00","id":80},{"status":"new","priority":"major","kind":"bug","content_updated_on":null,"voters":[],"title":"Send warning emails","reporter":"kevindunn","component":null,"watchers":["kevindunn"],"content":"to students that have not attempted the Quest yet and there are 2 hours to go before due time","assignee":null,"created_on":"2013-12-02T12:39:48.893647+00:00","version":null,"edited_on":null,"milestone":null,"updated_on":"2013-12-02T12:39:48.893647+00:00","id":109},{"status":"resolved","priority":"major","kind":"bug","content_updated_on":"2013-02-04T03:00:33.942267+00:00","voters":[],"title":"html for numeric answers vs string answers","reporter":"kevindunn","component":null,"watchers":["kevindunn"],"content":"will make answering on a phone far easier.","assignee":null,"created_on":"2013-02-04T03:00:33.938528+00:00","version":null,"edited_on":null,"milestone":null,"updated_on":"2013-08-23T21:27:26.544613+00:00","id":66},{"status":"new","priority":"minor","kind":"bug","content_updated_on":"2013-01-31T23:35:21.245435+00:00","voters":[],"title":"Clicking on a tag shows a list of all questions that are from that tag.","reporter":"kevindunn","component":null,"watchers":["kevindunn"],"content":"","assignee":null,"created_on":"2013-01-31T23:35:21.233285+00:00","version":null,"edited_on":null,"milestone":null,"updated_on":"2013-08-23T21:28:51.070038+00:00","id":63},{"status":"resolved","priority":"major","kind":"bug","content_updated_on":"2013-01-29T23:44:58.672508+00:00","voters":[],"title":"Auto grading:","reporter":"kevindunn","component":null,"watchers":["kevindunn"],"content":"Build up on successive answers.\r\n\r\n* calculated std deviation is used in the next part of the question\r\n* take grades off for bad std dev, but use incorrect std deviation in the next parts of the question.","assignee":null,"created_on":"2013-01-29T23:44:58.668146+00:00","version":null,"edited_on":null,"milestone":null,"updated_on":"2013-08-23T21:29:20.428308+00:00","id":62},{"status":"resolved","priority":"major","kind":"bug","content_updated_on":"2013-01-14T01:28:27.531375+00:00","voters":[],"title":"tags for user names","reporter":"kevindunn","component":null,"watchers":["kevindunn"],"content":"Not done correctly for double-barrelled names","assignee":null,"created_on":"2013-01-14T01:28:27.526763+00:00","version":null,"edited_on":null,"milestone":null,"updated_on":"2013-08-24T18:32:41.008796+00:00","id":9},{"status":"resolved","priority":"minor","kind":"bug","content_updated_on":"2013-01-14T20:56:21.637343+00:00","voters":[],"title":"Delete session as soon as submitted so that students can re-use sessions from the URL history","reporter":"kevindunn","component":null,"watchers":["kevindunn"],"content":"","assignee":null,"created_on":"2013-01-14T20:56:21.633368+00:00","version":null,"edited_on":null,"milestone":null,"updated_on":"2013-08-24T18:56:08.900126+00:00","id":11},{"status":"new","priority":"major","kind":"bug","content_updated_on":"2013-08-24T18:58:57.794184+00:00","voters":[],"title":"Send email with student grading","reporter":"kevindunn","component":null,"watchers":["kevindunn"],"content":"once the testing period is finished and the tests are graded.","assignee":null,"created_on":"2013-01-15T12:27:49.856533+00:00","version":null,"edited_on":null,"milestone":null,"updated_on":"2013-08-24T18:58:57.791917+00:00","id":16},{"status":"new","priority":"major","kind":"enhancement","content_updated_on":"2013-08-24T23:43:47.361256+00:00","voters":[],"title":"Allow images to be used in the questions","reporter":"kevindunn","component":null,"watchers":["kevindunn"],"content":"HAndling images drawn by software; saved on the server\r\nSomething like: \r\nhttp:\/\/www.williammalone.com\/articles\/create-html5-canvas-javascript-drawing-app\/#demo-simple\r\n* Can it save to PNG?\r\n\r\n* http:\/\/draw.etherpad.org\/  is amazing, and comes with an API\r\n","assignee":null,"created_on":"2013-01-16T13:35:50.772261+00:00","version":null,"edited_on":null,"milestone":null,"updated_on":"2013-08-24T23:43:47.359317+00:00","id":21},{"status":"resolved","priority":"major","kind":"bug","content_updated_on":"2013-01-22T02:03:29.777544+00:00","voters":[],"title":"PageHit admin","reporter":"kevindunn","component":null,"watchers":["kevindunn"],"content":"Show user.slug (instead of ID)","assignee":null,"created_on":"2013-01-22T02:03:29.773075+00:00","version":null,"edited_on":null,"milestone":null,"updated_on":"2013-08-25T12:56:57.261963+00:00","id":46},{"status":"resolved","priority":"major","kind":"bug","content_updated_on":"2013-01-22T02:09:38.984210+00:00","voters":[],"title":"Cache the media files (CSS); see how you did it on SciPy Central","reporter":"kevindunn","component":null,"watchers":["kevindunn"],"content":"Up the version number also","assignee":null,"created_on":"2013-01-22T02:09:38.980986+00:00","version":null,"edited_on":null,"milestone":null,"updated_on":"2013-08-25T12:57:12.607957+00:00","id":47},{"status":"new","priority":"major","kind":"bug","content_updated_on":"2013-08-27T02:45:16.147642+00:00","voters":[],"title":"Unique token for checking solutions: track how many use this token","reporter":"kevindunn","component":null,"watchers":["kevindunn"],"content":"Do they actually review the answers to their questions?","assignee":null,"created_on":"2013-01-22T18:43:34.579198+00:00","version":null,"edited_on":null,"milestone":null,"updated_on":"2013-08-27T02:45:16.142621+00:00","id":50},{"status":"resolved","priority":"major","kind":"bug","content_updated_on":"2013-03-11T00:44:05.272175+00:00","voters":[],"title":"Upload new quests not robust","reporter":"kevindunn","component":null,"watchers":["kevindunn"],"content":"* accept file upload\r\n* if it starts with \"#----\" it crashes. It shouldn't\r\n","assignee":null,"created_on":"2013-03-11T00:44:05.265440+00:00","version":null,"edited_on":null,"milestone":null,"updated_on":"2013-08-27T03:32:17.051681+00:00","id":78},{"status":"resolved","priority":"major","kind":"bug","content_updated_on":"2013-03-16T18:22:46.849474+00:00","voters":[],"title":"Editing QActuals takes a long time","reporter":"kevindunn","component":null,"watchers":["kevindunn"],"content":"See : http:\/\/www.stereoplex.com\/blog\/filtering-dropdown-lists-in-the-django-admin","assignee":null,"created_on":"2013-03-16T18:22:46.842513+00:00","version":null,"edited_on":null,"milestone":null,"updated_on":"2013-08-25T13:07:23.816949+00:00","id":81},{"status":"resolved","priority":"major","kind":"bug","content_updated_on":"2013-04-23T19:18:23.713478+00:00","voters":[],"title":"Use json.loads and json.dumps everywhere with double quotations","reporter":"kevindunn","component":null,"watchers":["kevindunn"],"content":"Don't allow single quotes to creep in.","assignee":null,"created_on":"2013-04-23T19:18:23.704851+00:00","version":null,"edited_on":null,"milestone":null,"updated_on":"2013-09-02T02:34:32.724389+00:00","id":86},{"status":"new","priority":"major","kind":"enhancement","content_updated_on":"2013-04-24T21:22:18.847517+00:00","voters":[],"title":"Show distribution of grades at Quest sign in","reporter":"kevindunn","component":null,"watchers":["kevindunn"],"content":"Show overall grade and where the student lies relative to rest of class","assignee":"kevindunn","created_on":"2013-04-24T21:22:18.834335+00:00","version":null,"edited_on":null,"milestone":null,"updated_on":"2013-08-26T12:33:59.840920+00:00","id":92},{"status":"resolved","priority":"major","kind":"bug","content_updated_on":"2013-04-25T20:32:37.513114+00:00","voters":[],"title":"Warn about unanswered questions when submitting","reporter":"kevindunn","component":null,"watchers":["kevindunn"],"content":"Highlight them in a different colour","assignee":null,"created_on":"2013-04-25T20:32:37.507084+00:00","version":null,"edited_on":null,"milestone":null,"updated_on":"2013-08-27T02:43:46.491340+00:00","id":93},{"status":"resolved","priority":"major","kind":"bug","content_updated_on":"2013-01-21T21:11:18.906875+00:00","voters":[],"title":"Put whether or not the question has been attempted in the list and submitted status","reporter":"kevindunn","component":null,"watchers":["kevindunn"],"content":"","assignee":null,"created_on":"2013-01-21T21:11:18.901690+00:00","version":null,"edited_on":null,"milestone":null,"updated_on":"2013-08-27T02:43:36.525728+00:00","id":40},{"status":"new","priority":"major","kind":"bug","content_updated_on":null,"voters":[],"title":"Show errors during preview","reporter":"kevindunn","component":null,"watchers":["kevindunn"],"content":"When running URL `admin-preview-question` and an error occurs (e.g. JSON decode error - see `week-1.qset` for example), then return the error gracefully to the browser, so the previewer can fix it.","assignee":null,"created_on":"2013-08-26T20:34:40.182919+00:00","version":null,"edited_on":null,"milestone":null,"updated_on":"2013-08-26T20:36:54.621412+00:00","id":98},{"status":"new","priority":"major","kind":"bug","content_updated_on":"2013-08-27T22:30:29.044685+00:00","voters":[],"title":"Formatting of variables from Python is a mess","reporter":"kevindunn","component":null,"watchers":["kevindunn"],"content":"Integers show up as 4155.0\r\nOther decimals, e.g. 10.1, shows up as 10.100000000000001\r\n\r\nWhere?","assignee":null,"created_on":"2013-02-24T22:14:54.912778+00:00","version":null,"edited_on":null,"milestone":null,"updated_on":"2013-08-27T22:30:29.036586+00:00","id":73},{"status":"resolved","priority":"major","kind":"bug","content_updated_on":null,"voters":[],"title":"MAJOR: Users can submit answers after test cut off","reporter":"kevindunn","component":null,"watchers":["kevindunn"],"content":"By manipulating the DOM `disabled=True` in the text boxes, they can submit answers.\r\n\r\nCheck why validation does not check for time.","assignee":null,"created_on":"2013-08-27T15:06:31.186414+00:00","version":null,"edited_on":null,"milestone":null,"updated_on":"2013-08-29T00:19:45.570924+00:00","id":99},{"status":"new","priority":"minor","kind":"enhancement","content_updated_on":"2013-01-10T03:58:04.118556+00:00","voters":[],"title":"Stylometric analysis","reporter":"kevindunn","component":null,"watchers":["kevindunn"],"content":"http:\/\/www.soi.city.ac.uk\/~peters\/StylometricAnalysis.htm","assignee":null,"created_on":"2013-01-10T03:58:04.113981+00:00","version":null,"edited_on":null,"milestone":null,"updated_on":"2013-01-10T03:58:04.113981+00:00","id":5},{"status":"new","priority":"major","kind":"bug","content_updated_on":"2013-01-15T12:27:02.770837+00:00","voters":[],"title":"Easier way to upload tests","reporter":"kevindunn","component":null,"watchers":["kevindunn"],"content":"","assignee":null,"created_on":"2013-01-15T12:27:02.766308+00:00","version":null,"edited_on":null,"milestone":null,"updated_on":"2013-01-15T12:27:02.766308+00:00","id":14},{"status":"new","priority":"major","kind":"bug","content_updated_on":"2013-01-15T12:25:21.337519+00:00","voters":[],"title":"Testing for Student workflow","reporter":"kevindunn","component":null,"watchers":["kevindunn"],"content":"* Before test starts\r\n* Log in\r\n* During test\r\n* After test expiry of test\r\n* After session expires\r\n* Log in from a different browser re-using link\r\n* Log in from different browser re-requesting sign-in\r\n","assignee":null,"created_on":"2013-01-15T12:25:21.330627+00:00","version":null,"edited_on":null,"milestone":null,"updated_on":"2013-01-15T12:25:21.330627+00:00","id":13},{"status":"resolved","priority":"major","kind":"bug","content_updated_on":"2013-04-24T16:16:47.674817+00:00","voters":[],"title":"Preview must show grading of questions","reporter":"kevindunn","component":null,"watchers":["kevindunn"],"content":"So instructor can test sensitivity of grading","assignee":null,"created_on":"2013-04-24T16:16:47.670358+00:00","version":null,"edited_on":null,"milestone":null,"updated_on":"2013-09-02T02:32:12.403511+00:00","id":88},{"status":"new","priority":"critical","kind":"bug","content_updated_on":"2013-01-16T14:42:17.958888+00:00","voters":[],"title":"Do not allow new answers to be saved after the final time has expired.","reporter":"kevindunn","component":null,"watchers":["kevindunn"],"content":"Enforce this at the model .save() level, because the user can manipulate the \"disabled\" styling of the <input> element (e.g. via the browser's DOM inspector) and cause the answer to changed after the test cut-off.","assignee":null,"created_on":"2013-01-16T14:42:17.955497+00:00","version":null,"edited_on":null,"milestone":null,"updated_on":"2013-01-16T15:49:20.582150+00:00","id":23},{"status":"new","priority":"major","kind":"bug","content_updated_on":null,"voters":[],"title":"Fade out text and grey","reporter":"kevindunn","component":null,"watchers":["kevindunn"],"content":"for the RHS showing the answer has been received","assignee":null,"created_on":"2013-08-29T11:54:21.187816+00:00","version":null,"edited_on":null,"milestone":null,"updated_on":"2013-08-29T11:54:21.187816+00:00","id":101},{"status":"new","priority":"major","kind":"bug","content_updated_on":"2013-01-16T16:40:14.962355+00:00","voters":[],"title":"Random selection of questions and question order for different users","reporter":"kevindunn","component":null,"watchers":["kevindunn"],"content":"","assignee":null,"created_on":"2013-01-16T16:40:14.956248+00:00","version":null,"edited_on":null,"milestone":null,"updated_on":"2013-01-16T16:40:14.956248+00:00","id":25},{"status":"new","priority":"major","kind":"bug","content_updated_on":"2013-01-11T02:08:52.571157+00:00","voters":[],"title":"Random values on HTML key","reporter":"kevindunn","component":null,"watchers":["kevindunn"],"content":"Set the 4-character randomization to be different for each user: mapping between the template and the grading. To prevent improper collaboration.","assignee":"kevindunn","created_on":"2013-01-11T02:08:52.566916+00:00","version":null,"edited_on":null,"milestone":null,"updated_on":"2013-01-11T02:08:52.566916+00:00","id":6},{"status":"resolved","priority":"major","kind":"bug","content_updated_on":"2013-01-21T21:10:51.735210+00:00","voters":[],"title":"Put tags of questions related to the current quiz in the columns","reporter":"kevindunn","component":null,"watchers":["kevindunn"],"content":"","assignee":null,"created_on":"2013-01-21T21:10:51.729818+00:00","version":null,"edited_on":null,"milestone":null,"updated_on":"2013-01-28T15:50:12.664136+00:00","id":39},{"status":"resolved","priority":"major","kind":"bug","content_updated_on":"2013-01-15T21:47:14.082852+00:00","voters":[],"title":"Use a proper database: Postgres","reporter":"kevindunn","component":null,"watchers":["kevindunn"],"content":"","assignee":null,"created_on":"2013-01-15T21:47:14.078292+00:00","version":null,"edited_on":null,"milestone":null,"updated_on":"2013-01-26T12:04:37.649997+00:00","id":19},{"status":"resolved","priority":"major","kind":"bug","content_updated_on":"2013-01-14T03:18:58.216552+00:00","voters":[],"title":"Extra time for SAS students","reporter":"kevindunn","component":null,"watchers":["kevindunn"],"content":"","assignee":null,"created_on":"2013-01-14T03:18:58.212392+00:00","version":null,"edited_on":null,"milestone":null,"updated_on":"2013-08-16T02:46:04.229457+00:00","id":10},{"status":"resolved","priority":"major","kind":"bug","content_updated_on":"2013-04-24T16:47:51.407615+00:00","voters":[],"title":"Show Quest name, Course name, Student name","reporter":"kevindunn","component":null,"watchers":["kevindunn"],"content":"always in the header.\r\n\r\nIn the footer, show the reference to the qactual, so I can easily locate it.","assignee":null,"created_on":"2013-04-24T16:47:51.401210+00:00","version":null,"edited_on":null,"milestone":null,"updated_on":"2013-08-23T20:56:53.903874+00:00","id":89},{"status":"new","priority":"major","kind":"bug","content_updated_on":"2013-01-17T03:01:41.657638+00:00","voters":[],"title":"Interface for instructor\/TA grading","reporter":"kevindunn","component":null,"watchers":["kevindunn"],"content":"","assignee":null,"created_on":"2013-01-17T03:01:41.653393+00:00","version":null,"edited_on":null,"milestone":null,"updated_on":"2013-01-17T03:01:41.653393+00:00","id":26},{"status":"resolved","priority":"major","kind":"bug","content_updated_on":"2013-01-20T23:42:16.115514+00:00","voters":[],"title":"Test for electronic signature","reporter":"kevindunn","component":null,"watchers":["kevindunn"],"content":"","assignee":null,"created_on":"2013-01-20T23:42:16.111524+00:00","version":null,"edited_on":null,"milestone":null,"updated_on":"2013-08-16T03:02:35.308539+00:00","id":31},{"status":"resolved","priority":"major","kind":"bug","content_updated_on":"2013-01-14T00:46:56.103458+00:00","voters":[],"title":"Wrapping with checkbox","reporter":"kevindunn","component":null,"watchers":["kevindunn"],"content":"If the checkbox line is wrapped it looks ugly","assignee":null,"created_on":"2013-01-14T00:46:56.099766+00:00","version":null,"edited_on":null,"milestone":null,"updated_on":"2013-01-16T14:25:38.652388+00:00","id":7},{"status":"resolved","priority":"major","kind":"bug","content_updated_on":"2013-01-14T01:13:30.035037+00:00","voters":[],"title":"Show solutions nicer","reporter":"kevindunn","component":null,"watchers":["kevindunn"],"content":"See","assignee":null,"created_on":"2013-01-14T01:13:30.030664+00:00","version":null,"edited_on":null,"milestone":null,"updated_on":"2013-01-16T14:25:19.975772+00:00","id":8},{"status":"resolved","priority":"major","kind":"bug","content_updated_on":"2013-01-21T02:16:54.846150+00:00","voters":[],"title":"Don't log that emails were sent when they were not (debug);","reporter":"kevindunn","component":null,"watchers":["kevindunn"],"content":"Or write that they were not sent","assignee":null,"created_on":"2013-01-21T02:16:54.841468+00:00","version":null,"edited_on":null,"milestone":null,"updated_on":"2013-01-28T13:01:42.857474+00:00","id":36},{"status":"new","priority":"major","kind":"bug","content_updated_on":"2013-01-16T13:35:25.156890+00:00","voters":[],"title":"Allow students to upload photos\/images as part of submission","reporter":"kevindunn","component":null,"watchers":["kevindunn"],"content":"","assignee":null,"created_on":"2013-01-16T13:35:25.151474+00:00","version":null,"edited_on":null,"milestone":null,"updated_on":"2013-01-16T13:35:25.151474+00:00","id":20},{"status":"resolved","priority":"minor","kind":"bug","content_updated_on":"2013-01-15T12:30:23.920829+00:00","voters":[],"title":"Fix admin signin","reporter":"kevindunn","component":null,"watchers":["kevindunn"],"content":"","assignee":null,"created_on":"2013-01-15T12:30:23.915831+00:00","version":null,"edited_on":null,"milestone":null,"updated_on":"2013-08-16T02:45:03.526621+00:00","id":18},{"status":"resolved","priority":"major","kind":"enhancement","content_updated_on":"2013-01-19T10:53:42.989752+00:00","voters":[],"title":"Course categories","reporter":"kevindunn","component":null,"watchers":["kevindunn"],"content":"For classifying questions","assignee":null,"created_on":"2013-01-19T10:53:42.984576+00:00","version":null,"edited_on":null,"milestone":null,"updated_on":"2013-08-24T23:44:46.525229+00:00","id":28},{"status":"resolved","priority":"major","kind":"bug","content_updated_on":"2013-01-15T12:27:27.991479+00:00","voters":[],"title":"Easier way to add students and assign them qsets","reporter":"kevindunn","component":null,"watchers":["kevindunn"],"content":"","assignee":null,"created_on":"2013-01-15T12:27:27.986857+00:00","version":null,"edited_on":null,"milestone":null,"updated_on":"2013-08-24T18:58:04.482702+00:00","id":15},{"status":"resolved","priority":"minor","kind":"enhancement","content_updated_on":"2013-01-21T21:08:29.182519+00:00","voters":[],"title":"Show last logged in time","reporter":"kevindunn","component":null,"watchers":["kevindunn"],"content":"","assignee":null,"created_on":"2013-01-21T21:08:29.179132+00:00","version":null,"edited_on":null,"milestone":null,"updated_on":"2013-08-25T00:02:51.926107+00:00","id":37},{"status":"resolved","priority":"major","kind":"bug","content_updated_on":"2013-01-21T21:08:51.146845+00:00","voters":[],"title":"Show history","reporter":"kevindunn","component":null,"watchers":["kevindunn"],"content":"* last logged in event\r\n* email sent events\r\n* etc","assignee":null,"created_on":"2013-01-21T21:08:51.141549+00:00","version":null,"edited_on":null,"milestone":null,"updated_on":"2013-08-25T00:03:15.424786+00:00","id":38},{"status":"resolved","priority":"major","kind":"bug","content_updated_on":"2013-01-22T01:00:28.599849+00:00","voters":[],"title":"Remove question 1467 to 1478 on QActual","reporter":"kevindunn","component":null,"watchers":["kevindunn"],"content":"","assignee":null,"created_on":"2013-01-22T01:00:28.596427+00:00","version":null,"edited_on":null,"milestone":null,"updated_on":"2013-01-28T15:12:34.199328+00:00","id":42},{"status":"resolved","priority":"major","kind":"bug","content_updated_on":"2013-03-03T23:24:19.107294+00:00","voters":[],"title":"Remove double newlines","reporter":"kevindunn","component":null,"watchers":["kevindunn"],"content":"when processing templates.\r\n\r\n* it leaves double lines in the source code shown in solutions (looks weird)\r\n* line number references in debug mode get screwed up","assignee":null,"created_on":"2013-03-03T23:23:39.882205+00:00","version":null,"edited_on":null,"milestone":null,"updated_on":"2013-09-02T02:34:15.593762+00:00","id":74},{"status":"resolved","priority":"major","kind":"bug","content_updated_on":"2013-01-22T11:51:27.218963+00:00","voters":[],"title":"Show multi solutions in the same order as original question","reporter":"kevindunn","component":null,"watchers":["kevindunn"],"content":"","assignee":null,"created_on":"2013-01-22T11:51:27.214704+00:00","version":null,"edited_on":null,"milestone":null,"updated_on":"2013-08-25T12:58:18.791022+00:00","id":49},{"status":"new","priority":"major","kind":"bug","content_updated_on":"2013-01-28T16:15:06.060052+00:00","voters":[],"title":"Browser version issues reported by Tyler Homer","reporter":"kevindunn","component":null,"watchers":["kevindunn"],"content":"","assignee":null,"created_on":"2013-01-28T16:15:06.053261+00:00","version":null,"edited_on":null,"milestone":null,"updated_on":"2013-01-28T16:15:06.053261+00:00","id":55},{"status":"resolved","priority":"major","kind":"bug","content_updated_on":"2013-01-28T16:17:29.284974+00:00","voters":[],"title":"Proper email message","reporter":"kevindunn","component":null,"watchers":["kevindunn"],"content":"See screenshot for misalignment","assignee":null,"created_on":"2013-01-28T16:17:29.280988+00:00","version":null,"edited_on":null,"milestone":null,"updated_on":"2013-08-27T15:05:29.369660+00:00","id":56},{"status":"resolved","priority":"minor","kind":"bug","content_updated_on":"2013-01-28T16:27:15.677726+00:00","voters":[],"title":"Fix time display on final page","reporter":"kevindunn","component":null,"watchers":["kevindunn"],"content":"","assignee":null,"created_on":"2013-01-28T16:27:15.674121+00:00","version":null,"edited_on":null,"milestone":null,"updated_on":"2013-08-25T19:57:33.326026+00:00","id":57},{"status":"resolved","priority":"major","kind":"bug","content_updated_on":"2013-01-28T15:58:32.362547+00:00","voters":[],"title":"Why did Next and Previous click anchors get messed up in week 3?","reporter":"kevindunn","component":null,"watchers":["kevindunn"],"content":"","assignee":null,"created_on":"2013-01-28T15:58:32.358558+00:00","version":null,"edited_on":null,"milestone":null,"updated_on":"2013-01-30T01:42:09.012570+00:00","id":54},{"status":"new","priority":"major","kind":"bug","content_updated_on":"2013-02-08T18:37:22.176775+00:00","voters":[],"title":"Q3 on weekly test 4 for 4C3\/6C3 for a_n has the wrong value","reporter":"kevindunn","component":null,"watchers":["kevindunn"],"content":"Fix the values for students that had a_n = 2","assignee":null,"created_on":"2013-02-08T18:37:22.173049+00:00","version":null,"edited_on":null,"milestone":null,"updated_on":"2013-02-08T18:37:22.173049+00:00","id":69},{"status":"new","priority":"major","kind":"bug","content_updated_on":"2013-03-10T22:29:40.121834+00:00","voters":[],"title":"Don't create an unique QActual for questions which have no variables","reporter":"kevindunn","component":null,"watchers":["kevindunn"],"content":"in other words, for questions which are the same for all the students.\r\n\r\nShould reduce database size.","assignee":null,"created_on":"2013-03-10T22:29:40.116017+00:00","version":null,"edited_on":null,"milestone":null,"updated_on":"2013-03-10T22:29:40.116017+00:00","id":77},{"status":"resolved","priority":"major","kind":"bug","content_updated_on":"2013-02-03T22:32:55.352566+00:00","voters":[],"title":"Source code","reporter":"kevindunn","component":null,"watchers":["kevindunn"],"content":"Accepts ``var_dict`` as a named dictionary.\r\nReturns ``named_dict`` which includes other variables that have just been created","assignee":null,"created_on":"2013-02-03T22:32:55.346621+00:00","version":null,"edited_on":null,"milestone":null,"updated_on":"2013-08-23T21:27:49.438115+00:00","id":65},{"status":"new","priority":"major","kind":"bug","content_updated_on":"2013-02-05T03:47:46.183546+00:00","voters":[],"title":"Summary: of students not writing tests","reporter":"kevindunn","component":null,"watchers":["kevindunn"],"content":"","assignee":null,"created_on":"2013-02-05T03:47:46.179554+00:00","version":null,"edited_on":null,"milestone":null,"updated_on":"2013-08-25T13:03:15.162346+00:00","id":67},{"status":"resolved","priority":"major","kind":"bug","content_updated_on":"2013-02-08T20:55:13.191542+00:00","voters":[],"title":"Admin interface to test new question","reporter":"kevindunn","component":null,"watchers":["kevindunn"],"content":"Can reload it multiple times to see the question rendered with its solution to stress test the question for all possible combinations.","assignee":null,"created_on":"2013-02-08T20:55:13.183197+00:00","version":null,"edited_on":null,"milestone":null,"updated_on":"2013-02-10T00:05:40.878710+00:00","id":70},{"status":"resolved","priority":"major","kind":"bug","content_updated_on":"2013-02-02T18:52:44.864358+00:00","voters":[],"title":"Faster emails sent out","reporter":"kevindunn","component":null,"watchers":["kevindunn"],"content":"","assignee":null,"created_on":"2013-02-02T18:52:44.860303+00:00","version":null,"edited_on":null,"milestone":null,"updated_on":"2013-08-23T20:57:34.331483+00:00","id":64},{"status":"new","priority":"major","kind":"enhancement","content_updated_on":"2013-02-22T19:14:16.449494+00:00","voters":[],"title":"Audio feedback","reporter":"kevindunn","component":null,"watchers":["kevindunn"],"content":"Allow instructor to audio-ly grade the question and that can be played by the student.","assignee":null,"created_on":"2013-02-22T19:14:16.443810+00:00","version":null,"edited_on":null,"milestone":null,"updated_on":"2013-02-22T19:14:16.443810+00:00","id":71},{"status":"resolved","priority":"major","kind":"bug","content_updated_on":"2013-03-16T18:30:07.530622+00:00","voters":[],"title":"MAJOR: if I use an old token, does it show me the solutions to a new test?","reporter":"kevindunn","component":null,"watchers":["kevindunn"],"content":"","assignee":null,"created_on":"2013-03-16T18:30:07.524391+00:00","version":null,"edited_on":null,"milestone":null,"updated_on":"2013-08-29T00:20:40.037963+00:00","id":82},{"status":"new","priority":"major","kind":"bug","content_updated_on":"2013-03-15T21:15:14.746685+00:00","voters":[],"title":"In preview mode","reporter":"kevindunn","component":null,"watchers":["kevindunn"],"content":"* Show where the problems occur in the source code. See iPython, \"cpaste\" function output when there are bugs.\r\n\r\n* Allow person to fill in answers and simulate what the grade would have been awarded.","assignee":null,"created_on":"2013-03-03T23:24:53.144247+00:00","version":null,"edited_on":null,"milestone":null,"updated_on":"2013-03-15T21:15:14.743649+00:00","id":75},{"status":"resolved","priority":"major","kind":"bug","content_updated_on":"2013-03-11T22:49:06.155873+00:00","voters":[],"title":"Deregister a student from the course","reporter":"kevindunn","component":null,"watchers":["kevindunn"],"content":"* Is an email still sent to them (e.g. they deregister midway)\r\n* They should still be able to sign in and check their existing quests\r\n* They should not be added to new quests (i.e. QActuals not generated for them)\r\n","assignee":null,"created_on":"2013-03-11T22:49:06.151149+00:00","version":null,"edited_on":null,"milestone":null,"updated_on":"2013-08-25T13:07:02.883019+00:00","id":79},{"status":"new","priority":"major","kind":"bug","content_updated_on":null,"voters":[],"title":"Case sensitivity denoted","reporter":"kevindunn","component":null,"watchers":["kevindunn"],"content":"For \"short\" answer questions, allow instructor to specify if the solution is case sensitive (for text answers), or not.\r\n\r\nThis prevents instructors having to set permutations for all sorts of case-insensitive answers.","assignee":null,"created_on":"2014-01-02T20:01:47.437901+00:00","version":null,"edited_on":null,"milestone":null,"updated_on":"2014-01-02T20:01:47.437901+00:00","id":111},{"status":"new","priority":"major","kind":"bug","content_updated_on":"2013-04-23T13:23:08.919657+00:00","voters":[],"title":"Significant figures","reporter":"kevindunn","component":null,"watchers":["kevindunn"],"content":"Have clarity on what is deemed to few or too many sig figs, and what level of tolerance you will accept.","assignee":null,"created_on":"2013-04-23T13:23:08.912361+00:00","version":null,"edited_on":null,"milestone":null,"updated_on":"2013-04-23T13:23:08.912361+00:00","id":84},{"status":"new","priority":"major","kind":"enhancement","content_updated_on":"2012-12-29T16:49:36.166957+00:00","voters":[],"title":"Export questions (and answers) to PDF","reporter":"kevindunn","component":null,"watchers":["kevindunn"],"content":"After the time limit, students can export the questions to PDF.","assignee":"kevindunn","created_on":"2012-12-29T16:49:36.162801+00:00","version":null,"edited_on":null,"milestone":null,"updated_on":"2012-12-29T16:49:36.162801+00:00","id":1},{"status":"new","priority":"major","kind":"enhancement","content_updated_on":"2012-12-29T18:34:29.450599+00:00","voters":[],"title":"Enable feedback","reporter":"kevindunn","component":null,"watchers":["kevindunn"],"content":"If ``enable_feedback`` is True, then show and handle the student feedback.","assignee":"kevindunn","created_on":"2012-12-29T18:34:29.446791+00:00","version":null,"edited_on":null,"milestone":null,"updated_on":"2012-12-29T18:34:29.446791+00:00","id":2},{"status":"new","priority":"major","kind":"bug","content_updated_on":null,"voters":[],"title":"No solution displayed","reporter":"kevindunn","component":null,"watchers":["kevindunn"],"content":"Have an option so that the solution is not displayed after the cut-off time.","assignee":null,"created_on":"2013-12-31T23:43:09.387599+00:00","version":null,"edited_on":null,"milestone":null,"updated_on":"2013-12-31T23:43:09.387599+00:00","id":110},{"status":"new","priority":"major","kind":"bug","content_updated_on":null,"voters":[],"title":"\"Saved\" fade in\/out like Google does in gmail.","reporter":"kevindunn","component":null,"watchers":["kevindunn"],"content":"\"saving\" -> \"saved\"","assignee":null,"created_on":"2014-01-07T14:37:42.946021+00:00","version":null,"edited_on":null,"milestone":null,"updated_on":"2014-01-07T14:37:42.946021+00:00","id":114},{"status":"new","priority":"major","kind":"bug","content_updated_on":null,"voters":[],"title":"For MCQ: option to avoid rearranging choices","reporter":"kevindunn","component":null,"watchers":["kevindunn"],"content":"should be available in the template script","assignee":null,"created_on":"2014-01-04T02:11:40.370497+00:00","version":null,"edited_on":null,"milestone":null,"updated_on":"2014-01-04T02:11:40.370497+00:00","id":113},{"status":"new","priority":"major","kind":"bug","content_updated_on":null,"voters":[],"title":"Image resizing","reporter":"kevindunn","component":null,"watchers":["kevindunn"],"content":"If image resizing is required, then apply it, else leave it to be small (else large images get blown up)","assignee":null,"created_on":"2014-01-03T16:14:46.294911+00:00","version":null,"edited_on":null,"milestone":null,"updated_on":"2014-01-03T16:14:46.294911+00:00","id":112},{"status":"new","priority":"major","kind":"bug","content_updated_on":"2013-04-24T16:11:40.101069+00:00","voters":[],"title":"Do not allow precision of \"0\" in quick_eval","reporter":"kevindunn","component":null,"watchers":["kevindunn"],"content":"e.g. you might be tempted to specify an integer as\r\n\r\n [\"[{% quick_eval \\\"0.001035003*N\\\" 0 %},1E-6,'rel']\"]\r\n\r\nbut the correct rounding for an integer is\r\n\r\n [\"[{% quick_eval \\\"0.001035003*N\\\" 1 %},1E-6,'rel']\"]","assignee":null,"created_on":"2013-04-24T16:11:40.091549+00:00","version":null,"edited_on":null,"milestone":null,"updated_on":"2013-04-24T16:11:40.091549+00:00","id":87},{"status":"resolved","priority":"major","kind":"bug","content_updated_on":"2013-01-22T01:43:06.123586+00:00","voters":[],"title":"Move 600 level students over from 400 level","reporter":"kevindunn","component":null,"watchers":["kevindunn"],"content":"","assignee":null,"created_on":"2013-01-22T01:43:06.119330+00:00","version":null,"edited_on":null,"milestone":null,"updated_on":"2013-08-25T00:05:23.899637+00:00","id":45},{"status":"new","priority":"major","kind":"bug","content_updated_on":"2013-03-11T01:22:38.148828+00:00","voters":[],"title":"Logging all statistics possble","reporter":"kevindunn","component":null,"watchers":["kevindunn"],"content":"* Intermediate grading of the question (e.g. right first time, correct then changed to wrong, or wrong then changed to right)\r\n\r\n* fastest times and the highest correct (product of these two)\r\n\r\n","assignee":null,"created_on":"2013-01-17T18:57:06.482330+00:00","version":null,"edited_on":null,"milestone":null,"updated_on":"2013-03-11T01:22:38.145042+00:00","id":27},{"status":"new","priority":"major","kind":"bug","content_updated_on":null,"voters":[],"title":"Fix this grading bug","reporter":"kevindunn","component":null,"watchers":["kevindunn"],"content":"","assignee":null,"created_on":"2014-01-17T21:59:12.176338+00:00","version":null,"edited_on":null,"milestone":null,"updated_on":"2014-01-17T21:59:12.176338+00:00","id":116},{"status":"new","priority":"major","kind":"bug","content_updated_on":null,"voters":[],"title":"Print class lists","reporter":"kevindunn","component":null,"watchers":["kevindunn"],"content":"For a given course, show who is registered.","assignee":null,"created_on":"2013-11-20T02:45:57.559750+00:00","version":null,"edited_on":null,"milestone":null,"updated_on":"2013-11-20T02:45:57.559750+00:00","id":108},{"status":"new","priority":"major","kind":"bug","content_updated_on":null,"voters":[],"title":"Auto resize images","reporter":"kevindunn","component":null,"watchers":["kevindunn"],"content":"Images that are too wide must get resized.\r\n","assignee":null,"created_on":"2013-11-19T21:34:00.501691+00:00","version":null,"edited_on":null,"milestone":null,"updated_on":"2013-11-19T21:34:00.501691+00:00","id":105},{"status":"resolved","priority":"major","kind":"bug","content_updated_on":"2013-04-28T01:49:15.420957+00:00","voters":[],"title":"Full fingerprint of browser","reporter":"kevindunn","component":null,"watchers":["kevindunn"],"content":"","assignee":null,"created_on":"2013-04-28T01:49:15.412832+00:00","version":null,"edited_on":null,"milestone":null,"updated_on":"2013-08-13T21:44:26.369874+00:00","id":94},{"status":"resolved","priority":"critical","kind":"bug","content_updated_on":"2013-01-20T23:43:25.402880+00:00","voters":[],"title":"Pre-page before starting test","reporter":"kevindunn","component":null,"watchers":["kevindunn"],"content":"* shows announcement\r\n* honest checkbox\r\n* You have NNN minutes left once you start the test  [[BEGIN]] button","assignee":null,"created_on":"2013-01-20T23:43:25.305567+00:00","version":null,"edited_on":null,"milestone":null,"updated_on":"2013-08-27T02:43:08.160887+00:00","id":33},{"status":"resolved","priority":"major","kind":"bug","content_updated_on":"2013-01-29T00:14:50.667547+00:00","voters":[],"title":"Do not send student an email if deregistered","reporter":"kevindunn","component":null,"watchers":["kevindunn"],"content":"Student still in database, but deregistered.\r\n\r\nActually, if deregistered, then they may sign in and do everything, except write a test (which they may have been inadvertently added to)","assignee":null,"created_on":"2013-01-29T00:14:50.663241+00:00","version":null,"edited_on":null,"milestone":null,"updated_on":"2013-08-23T21:44:42.333665+00:00","id":60},{"status":"new","priority":"major","kind":"bug","content_updated_on":null,"voters":[],"title":"Move all 4C3 (2012) and 6C3 (2012) to the blank course","reporter":"kevindunn","component":null,"watchers":["kevindunn"],"content":"To prevent logging in and transfer of questions (though they might have done it already)\r\n","assignee":null,"created_on":"2013-08-23T21:52:02.745270+00:00","version":null,"edited_on":null,"milestone":null,"updated_on":"2013-08-23T21:52:02.745270+00:00","id":96},{"status":"new","priority":"major","kind":"bug","content_updated_on":"2013-08-24T23:58:59.087355+00:00","voters":[],"title":"Show time started, and show time remaining","reporter":"kevindunn","component":null,"watchers":["kevindunn"],"content":"on the right hand side","assignee":null,"created_on":"2013-01-20T23:38:04.838441+00:00","version":null,"edited_on":null,"milestone":null,"updated_on":"2013-08-24T23:58:59.085648+00:00","id":30},{"status":"resolved","priority":"major","kind":"bug","content_updated_on":"2013-01-21T02:07:29.248106+00:00","voters":[],"title":"400 vs 600 level students clear","reporter":"kevindunn","component":null,"watchers":["kevindunn"],"content":"","assignee":null,"created_on":"2013-01-21T02:07:29.243958+00:00","version":null,"edited_on":null,"milestone":null,"updated_on":"2013-08-25T00:00:42.105832+00:00","id":35},{"status":"resolved","priority":"major","kind":"bug","content_updated_on":"2013-01-26T00:23:29.172479+00:00","voters":[],"title":"Comment out WING DEBUG","reporter":"kevindunn","component":null,"watchers":["kevindunn"],"content":"I use this one in my Django settings for every project\r\n  DEBUG = bool(int(os.environ.get('DJANGO_DEBUG', 0)))\r\nand all my working environment define DJANGO_DEBUG=1.  This means things\r\nlike runserver\/shell (any management command) runs in debug mode, but\r\nproduction runs automatically default to DEBUG=False\r\n\r\nFor wingdbstub, you can something like this:\r\n\r\nif os.environ[\"WING_DEBUG\"]\r\n  import wingdbstub\r\nendif","assignee":null,"created_on":"2013-01-26T00:23:29.157143+00:00","version":null,"edited_on":null,"milestone":null,"updated_on":"2013-08-25T13:00:31.034760+00:00","id":53},{"status":"new","priority":"major","kind":"enhancement","content_updated_on":"2013-01-23T21:00:29.510570+00:00","voters":[],"title":"Daily summary of statistics for each course emailed","reporter":"kevindunn","component":null,"watchers":["kevindunn"],"content":"","assignee":null,"created_on":"2013-01-23T21:00:29.504782+00:00","version":null,"edited_on":null,"milestone":null,"updated_on":"2013-08-25T12:59:16.216509+00:00","id":52},{"status":"resolved","priority":"major","kind":"bug","content_updated_on":"2013-02-24T18:59:54.254893+00:00","voters":[],"title":"Boxes for short answers greyed on when in answer viewing mode","reporter":"kevindunn","component":null,"watchers":["kevindunn"],"content":"Change CSS styling","assignee":null,"created_on":"2013-02-24T18:59:54.249469+00:00","version":null,"edited_on":null,"milestone":null,"updated_on":"2013-08-25T13:04:08.479689+00:00","id":72},{"status":"resolved","priority":"major","kind":"bug","content_updated_on":"2013-01-22T01:01:03.121020+00:00","voters":[],"title":"QActual repr: include ID, User, QSet slug, Course code and first few chars of qname","reporter":"kevindunn","component":null,"watchers":["kevindunn"],"content":"","assignee":null,"created_on":"2013-01-22T01:01:03.115562+00:00","version":null,"edited_on":null,"milestone":null,"updated_on":"2013-08-25T19:38:59.856447+00:00","id":43},{"status":"new","priority":"major","kind":"bug","content_updated_on":null,"voters":[],"title":"Reslugify all the QSet objects (they need to be unique)","reporter":"kevindunn","component":null,"watchers":["kevindunn"],"content":"","assignee":null,"created_on":"2013-08-26T19:33:35.461827+00:00","version":null,"edited_on":null,"milestone":null,"updated_on":"2013-08-26T19:33:35.461827+00:00","id":97},{"status":"resolved","priority":"major","kind":"bug","content_updated_on":"2013-01-21T21:12:46.060690+00:00","voters":[],"title":"On summary page, after test is completed","reporter":"kevindunn","component":null,"watchers":["kevindunn"],"content":"* list checked options \r\n* give text of short answers filled in\r\n* snippet (start ... end) of textarea\r\n* etc\r\n\r\nso user can be certain they have been recorded correctly.","assignee":null,"created_on":"2013-01-21T21:12:46.055895+00:00","version":null,"edited_on":null,"milestone":null,"updated_on":"2013-08-27T02:44:24.033438+00:00","id":41},{"status":"resolved","priority":"major","kind":"bug","content_updated_on":null,"voters":[],"title":"Still accepts answers after clock reaches zero","reporter":"kevindunn","component":null,"watchers":["kevindunn"],"content":"The AJAX validation check should not rely on the `disabled` nature of the input.\r\n\r\nIt should validate whether the TimingObject is still valid.","assignee":null,"created_on":"2013-08-28T03:48:21.928479+00:00","version":null,"edited_on":null,"milestone":null,"updated_on":"2013-08-29T00:19:15.820116+00:00","id":100},{"status":"resolved","priority":"major","kind":"bug","content_updated_on":"2013-01-15T03:05:20.910257+00:00","voters":[],"title":"Confirmation email after successful test submission.","reporter":"kevindunn","component":null,"watchers":["kevindunn"],"content":"with token code, time and time available to log in","assignee":null,"created_on":"2013-01-15T03:05:20.905610+00:00","version":null,"edited_on":null,"milestone":null,"updated_on":"2013-08-29T03:46:23.284456+00:00","id":12},{"status":"new","priority":"major","kind":"bug","content_updated_on":"2013-09-05T21:38:05.048712+00:00","voters":[],"title":"Peer-evaluation","reporter":"kevindunn","component":null,"watchers":["kevindunn"],"content":"* Alignment of numbers with radio buttons\r\n* Hyperlink to \"constructive criticism\"\r\n* Why is feedback showing when explicitly not asked for?\r\n* How are the clicks being recorded for all the boxes?","assignee":null,"created_on":"2013-09-05T21:37:53.508671+00:00","version":null,"edited_on":null,"milestone":null,"updated_on":"2013-09-05T21:38:05.046775+00:00","id":102},{"status":"new","priority":"major","kind":"bug","content_updated_on":null,"voters":[],"title":"Test: multi-choice","reporter":"kevindunn","component":null,"watchers":["kevindunn"],"content":"In a multi choice question, ensure that if all checkboxes are deselected, that ``quest.given_answer`` goes back to being empty","assignee":null,"created_on":"2013-09-16T03:35:42.585097+00:00","version":null,"edited_on":null,"milestone":null,"updated_on":"2013-09-16T03:35:42.585097+00:00","id":103},{"status":"new","priority":"major","kind":"bug","content_updated_on":null,"voters":[],"title":"Admin improvement: show seconds","reporter":"kevindunn","component":null,"watchers":["kevindunn"],"content":"http:\/\/stackoverflow.com\/questions\/7216764\/in-the-django-admin-site-how-do-i-change-the-display-format-of-time-fields","assignee":null,"created_on":"2013-09-16T17:54:04.787071+00:00","version":null,"edited_on":null,"milestone":null,"updated_on":"2013-09-16T17:54:04.787071+00:00","id":104},{"status":"resolved","priority":"major","kind":"bug","content_updated_on":"2013-01-22T03:13:38.936410+00:00","voters":[],"title":"User UserAgent library","reporter":"kevindunn","component":null,"watchers":["kevindunn"],"content":"https:\/\/github.com\/shon\/httpagentparser\r\n\r\n","assignee":null,"created_on":"2013-01-22T03:13:38.929260+00:00","version":null,"edited_on":null,"milestone":null,"updated_on":"2013-08-25T12:57:51.015714+00:00","id":48},{"status":"new","priority":"major","kind":"bug","content_updated_on":"2013-01-16T13:36:08.522542+00:00","voters":[],"title":"Call R and Python code functions to question and solution and grading","reporter":"kevindunn","component":null,"watchers":["kevindunn"],"content":"","assignee":null,"created_on":"2013-01-16T13:36:08.518230+00:00","version":null,"edited_on":null,"milestone":null,"updated_on":"2013-01-16T13:36:08.518230+00:00","id":22},{"status":"resolved","priority":"major","kind":"bug","content_updated_on":"2013-01-23T15:53:22.986271+00:00","voters":[],"title":"Side bar of question lists","reporter":"kevindunn","component":null,"watchers":["kevindunn"],"content":"","assignee":null,"created_on":"2013-01-23T15:53:22.980683+00:00","version":null,"edited_on":null,"milestone":null,"updated_on":"2013-01-27T21:28:42.204470+00:00","id":51},{"status":"resolved","priority":"major","kind":"bug","content_updated_on":"2013-01-09T19:51:24.749376+00:00","voters":[],"title":"Email addresses","reporter":"kevindunn","component":null,"watchers":["kevindunn"],"content":"Don't constrain to a single institution. Sometimes students want to register an alternative email address and use that instead.","assignee":"kevindunn","created_on":"2013-01-09T19:51:24.742523+00:00","version":null,"edited_on":null,"milestone":null,"updated_on":"2013-01-16T12:49:44.454182+00:00","id":3},{"status":"resolved","priority":"major","kind":"bug","content_updated_on":"2013-01-16T15:15:24.622118+00:00","voters":[],"title":"Math is getting messed up now with Markdown \\( \\) is not robust somewhere in the Markdown engine","reporter":"kevindunn","component":null,"watchers":["kevindunn"],"content":"","assignee":null,"created_on":"2013-01-16T15:15:24.618923+00:00","version":null,"edited_on":null,"milestone":null,"updated_on":"2013-01-16T15:47:46.039680+00:00","id":24},{"status":"resolved","priority":"major","kind":"bug","content_updated_on":"2013-01-15T12:29:05.989292+00:00","voters":[],"title":"Better styling for solution display","reporter":"kevindunn","component":null,"watchers":["kevindunn"],"content":"","assignee":null,"created_on":"2013-01-15T12:29:05.984604+00:00","version":null,"edited_on":null,"milestone":null,"updated_on":"2013-01-16T14:24:32.760338+00:00","id":17},{"status":"resolved","priority":"major","kind":"bug","content_updated_on":"2013-01-20T22:22:00.616399+00:00","voters":[],"title":"md5 hash of the total question template","reporter":"kevindunn","component":null,"watchers":["kevindunn"],"content":"So if the question has changed, we know it is a new one.","assignee":null,"created_on":"2013-01-20T22:22:00.611932+00:00","version":null,"edited_on":null,"milestone":null,"updated_on":"2013-08-16T03:05:43.605717+00:00","id":29},{"status":"resolved","priority":"major","kind":"bug","content_updated_on":"2013-04-24T17:26:37.008378+00:00","voters":[],"title":"Dev server must use Postgres","reporter":"kevindunn","component":null,"watchers":["kevindunn"],"content":"Some bugs are due to DB differences. Postgres seems the most particular.","assignee":null,"created_on":"2013-04-24T17:26:37.002588+00:00","version":null,"edited_on":null,"milestone":null,"updated_on":"2013-08-15T20:49:14.808148+00:00","id":90},{"status":"resolved","priority":"major","kind":"bug","content_updated_on":"2013-01-20T23:42:39.187410+00:00","voters":[],"title":"Test is saved items and come back","reporter":"kevindunn","component":null,"watchers":["kevindunn"],"content":"* radio\r\n* select\r\n* textarea\r\n* short answer questions","assignee":null,"created_on":"2013-01-20T23:42:39.182579+00:00","version":null,"edited_on":null,"milestone":null,"updated_on":"2013-01-26T13:06:38.252571+00:00","id":32},{"status":"resolved","priority":"major","kind":"bug","content_updated_on":"2013-01-21T01:30:29.784757+00:00","voters":[],"title":"Sort out the mess between Timing and Token objects","reporter":"kevindunn","component":null,"watchers":["kevindunn"],"content":"* what's the difference\r\n* what happens when Token or Timing is invalid \/ used up?\r\n* How to ensure users can see the solutions to previous Quiz sets when working on a subsequent quiz set","assignee":null,"created_on":"2013-01-21T01:30:29.777738+00:00","version":null,"edited_on":null,"milestone":null,"updated_on":"2013-08-29T00:21:23.140087+00:00","id":34},{"status":"resolved","priority":"major","kind":"bug","content_updated_on":"2013-01-28T20:57:58.711326+00:00","voters":[],"title":"On time out of test","reporter":"kevindunn","component":null,"watchers":["kevindunn"],"content":"Save all current typing; redirect the user to the sign-in page.\r\n\r\nGive a 30 second grace period warning in bright red","assignee":null,"created_on":"2013-01-28T20:57:58.707117+00:00","version":null,"edited_on":null,"milestone":null,"updated_on":"2013-08-25T13:02:05.652920+00:00","id":58},{"status":"resolved","priority":"major","kind":"bug","content_updated_on":"2013-01-28T21:49:59.530210+00:00","voters":[],"title":"Taimoor Khan test on 28 Jan generated a lot of errors","reporter":"kevindunn","component":null,"watchers":["kevindunn"],"content":"iPhone related?\r\n\r\n","assignee":null,"created_on":"2013-01-28T21:49:59.521961+00:00","version":null,"edited_on":null,"milestone":null,"updated_on":"2013-01-30T01:41:32.570964+00:00","id":59},{"status":"resolved","priority":"major","kind":"bug","content_updated_on":"2013-01-22T01:33:07.578298+00:00","voters":[],"title":"Starting time not in military time, e.g. 10:53 (without AM or PM)","reporter":"kevindunn","component":null,"watchers":["kevindunn"],"content":"Use AM\/PM instead","assignee":null,"created_on":"2013-01-22T01:33:07.574207+00:00","version":null,"edited_on":null,"milestone":null,"updated_on":"2013-01-27T21:28:18.737766+00:00","id":44},{"status":"resolved","priority":"major","kind":"bug","content_updated_on":"2013-04-24T19:39:39.767669+00:00","voters":[],"title":"Show last edited date and time in each qactual","reporter":"kevindunn","component":null,"watchers":["kevindunn"],"content":"Store it, and display it in the object.\r\n\r\nIt helps me to track back in the Apache log files","assignee":null,"created_on":"2013-04-24T19:39:39.761012+00:00","version":null,"edited_on":null,"milestone":null,"updated_on":"2013-08-23T21:25:33.976028+00:00","id":91},{"status":"new","priority":"major","kind":"bug","content_updated_on":"2013-01-29T03:33:24.407039+00:00","voters":[],"title":"Always have an open question","reporter":"kevindunn","component":null,"watchers":["kevindunn"],"content":"What are your thoughts about:\r\n* the questions on this test\r\n* this Quest testing system.\r\n\r\nThis is an optional question (no grades involved)","assignee":null,"created_on":"2013-01-29T03:33:24.402258+00:00","version":null,"edited_on":null,"milestone":null,"updated_on":"2013-01-29T03:33:24.402258+00:00","id":61},{"status":"new","priority":"major","kind":"bug","content_updated_on":"2013-02-08T18:36:50.466503+00:00","voters":[],"title":"Decimal accuracy on displayed results from Python code","reporter":"kevindunn","component":null,"watchers":["kevindunn"],"content":"","assignee":null,"created_on":"2013-02-08T18:36:50.461881+00:00","version":null,"edited_on":null,"milestone":null,"updated_on":"2013-02-08T18:36:50.461881+00:00","id":68},{"status":"new","priority":"major","kind":"bug","content_updated_on":"2013-03-19T21:12:51.269262+00:00","voters":[],"title":"Grades breakdown.","reporter":"kevindunn","component":null,"watchers":["kevindunn"],"content":"Break out stats by different achievement levels: high, medium, low; to get a sense of what the different groups are doing.","assignee":null,"created_on":"2013-03-19T21:12:51.264827+00:00","version":null,"edited_on":null,"milestone":null,"updated_on":"2013-03-19T21:12:51.264827+00:00","id":83},{"status":"new","priority":"major","kind":"bug","content_updated_on":"2013-04-23T14:06:29.938329+00:00","voters":[],"title":"Handle floating points with commas: e.g 64,4  = 64.4","reporter":"kevindunn","component":null,"watchers":["kevindunn"],"content":"","assignee":null,"created_on":"2013-04-23T14:06:29.922215+00:00","version":null,"edited_on":null,"milestone":null,"updated_on":"2013-04-23T14:06:29.922215+00:00","id":85}],"logs":[{"comment":2855746,"changed_to":"resolved","field":"status","created_on":"2013-01-16T12:49:44.503564+00:00","user":"kevindunn","issue":3,"changed_from":"new"},{"comment":2856604,"changed_to":"resolved","field":"status","created_on":"2013-01-16T14:24:32.830282+00:00","user":"kevindunn","issue":17,"changed_from":"new"},{"comment":2856610,"changed_to":"resolved","field":"status","created_on":"2013-01-16T14:25:20.035883+00:00","user":"kevindunn","issue":8,"changed_from":"new"},{"comment":2856612,"changed_to":"resolved","field":"status","created_on":"2013-01-16T14:25:38.703091+00:00","user":"kevindunn","issue":7,"changed_from":"new"},{"comment":2857645,"changed_to":"resolved","field":"status","created_on":"2013-01-16T15:47:46.076039+00:00","user":"kevindunn","issue":24,"changed_from":"new"},{"comment":2857665,"changed_to":"minor","field":"priority","created_on":"2013-01-16T15:49:03.572223+00:00","user":"kevindunn","issue":18,"changed_from":"major"},{"comment":2857670,"changed_to":"critical","field":"priority","created_on":"2013-01-16T15:49:20.640760+00:00","user":"kevindunn","issue":23,"changed_from":"major"},{"comment":2896464,"changed_to":"Extra time for SAS students","field":"title","created_on":"2013-01-21T13:08:14.468957+00:00","user":"kevindunn","issue":10,"changed_from":"Extra time for CSD students"},{"comment":2952233,"changed_to":"resolved","field":"status","created_on":"2013-01-26T12:04:37.708071+00:00","user":"kevindunn","issue":19,"changed_from":"new"},{"comment":2952292,"changed_to":"enhancement","field":"kind","created_on":"2013-01-26T12:22:31.911139+00:00","user":"kevindunn","issue":37,"changed_from":"bug"},{"comment":2952292,"changed_to":"minor","field":"priority","created_on":"2013-01-26T12:22:31.912901+00:00","user":"kevindunn","issue":37,"changed_from":"major"},{"comment":2952444,"changed_to":"resolved","field":"status","created_on":"2013-01-26T13:06:38.320995+00:00","user":"kevindunn","issue":32,"changed_from":"new"},{"comment":2960281,"changed_to":"resolved","field":"status","created_on":"2013-01-27T21:28:18.814195+00:00","user":"kevindunn","issue":44,"changed_from":"new"},{"comment":2960284,"changed_to":"resolved","field":"status","created_on":"2013-01-27T21:28:42.266658+00:00","user":"kevindunn","issue":51,"changed_from":"new"},{"comment":2960364,"changed_to":"On summary page, after test is completed","field":"title","created_on":"2013-01-27T21:39:38.041817+00:00","user":"kevindunn","issue":41,"changed_from":"On summary page"},{"comment":2965899,"changed_to":"resolved","field":"status","created_on":"2013-01-28T13:01:42.890041+00:00","user":"kevindunn","issue":36,"changed_from":"new"},{"comment":2967175,"changed_to":"resolved","field":"status","created_on":"2013-01-28T15:12:34.230602+00:00","user":"kevindunn","issue":42,"changed_from":"new"},{"comment":2967576,"changed_to":"resolved","field":"status","created_on":"2013-01-28T15:50:12.698866+00:00","user":"kevindunn","issue":39,"changed_from":"new"},{"comment":2972074,"changed_to":"* Intermediate grading of the question (e.g. right first time, correct then changed to wrong, or wrong then changed to right)\r\n","field":"content","created_on":"2013-01-29T00:12:19.199756+00:00","user":"kevindunn","issue":27,"changed_from":""},{"comment":2983997,"changed_to":"resolved","field":"status","created_on":"2013-01-30T01:41:32.603184+00:00","user":"kevindunn","issue":59,"changed_from":"new"},{"comment":2983999,"changed_to":"resolved","field":"status","created_on":"2013-01-30T01:42:09.055868+00:00","user":"kevindunn","issue":54,"changed_from":"new"},{"comment":3088667,"changed_to":"resolved","field":"status","created_on":"2013-02-10T00:05:40.941065+00:00","user":"kevindunn","issue":70,"changed_from":"new"},{"comment":3297682,"changed_to":"when processing templates.\r\n\r\n* it leaves double lines in the source code shown in solutions (looks weird)\r\n* line number references in debug mode get screwed up","field":"content","created_on":"2013-03-03T23:24:19.150808+00:00","user":"kevindunn","issue":74,"changed_from":"when processing templates"},{"comment":3366873,"changed_to":"* Intermediate grading of the question (e.g. right first time, correct then changed to wrong, or wrong then changed to right)\r\n\r\n* fastest times and the highest correct (product of these two)\r\n\r\n","field":"content","created_on":"2013-03-11T01:22:38.208134+00:00","user":"kevindunn","issue":27,"changed_from":"* Intermediate grading of the question (e.g. right first time, correct then changed to wrong, or wrong then changed to right)\r\n"},{"comment":3424607,"changed_to":"* Show where the problems occur in the source code. See iPython, \"cpaste\" function output when there are bugs.\r\n\r\n* Allow person to fill in answers and simulate what the grade would have been awarded.","field":"content","created_on":"2013-03-15T21:15:14.807366+00:00","user":"kevindunn","issue":75,"changed_from":"Show where the problems occur in the source code. See iPython, \"cpaste\" function output when there are bugs."},{"comment":5502561,"changed_to":"* Weekly peer evaluations\r\n* State who was the chair","field":"content","created_on":"2013-08-08T14:40:54.124071+00:00","user":"kevindunn","issue":95,"changed_from":""},{"comment":5502593,"changed_to":"* Weekly peer evaluations\r\n* State who was the chair\r\n* Anonymous feedback for any of your group members?","field":"content","created_on":"2013-08-08T14:43:34.746042+00:00","user":"kevindunn","issue":95,"changed_from":"* Weekly peer evaluations\r\n* State who was the chair"},{"comment":5602400,"changed_to":"resolved","field":"status","created_on":"2013-08-13T21:44:26.403086+00:00","user":"kevindunn","issue":94,"changed_from":"new"},{"comment":5668625,"changed_to":"resolved","field":"status","created_on":"2013-08-15T20:49:14.837148+00:00","user":"kevindunn","issue":90,"changed_from":"new"},{"comment":5670870,"changed_to":"resolved","field":"status","created_on":"2013-08-16T02:43:51.091142+00:00","user":"kevindunn","issue":80,"changed_from":"new"},{"comment":5670878,"changed_to":"resolved","field":"status","created_on":"2013-08-16T02:45:03.722804+00:00","user":"kevindunn","issue":18,"changed_from":"new"},{"comment":5670885,"changed_to":"resolved","field":"status","created_on":"2013-08-16T02:46:04.264218+00:00","user":"kevindunn","issue":10,"changed_from":"new"},{"comment":5670988,"changed_to":"resolved","field":"status","created_on":"2013-08-16T03:02:35.356909+00:00","user":"kevindunn","issue":31,"changed_from":"new"},{"comment":5671013,"changed_to":"resolved","field":"status","created_on":"2013-08-16T03:05:43.631667+00:00","user":"kevindunn","issue":29,"changed_from":"new"},{"comment":5765348,"changed_to":"resolved","field":"status","created_on":"2013-08-23T20:56:53.933268+00:00","user":"kevindunn","issue":89,"changed_from":"new"},{"comment":5765355,"changed_to":"resolved","field":"status","created_on":"2013-08-23T20:57:34.377795+00:00","user":"kevindunn","issue":64,"changed_from":"new"},{"comment":5765516,"changed_to":"resolved","field":"status","created_on":"2013-08-23T21:25:34.006969+00:00","user":"kevindunn","issue":91,"changed_from":"new"},{"comment":5765527,"changed_to":"resolved","field":"status","created_on":"2013-08-23T21:27:26.573684+00:00","user":"kevindunn","issue":66,"changed_from":"new"},{"comment":5765528,"changed_to":"resolved","field":"status","created_on":"2013-08-23T21:27:49.465932+00:00","user":"kevindunn","issue":65,"changed_from":"new"},{"comment":5765536,"changed_to":"minor","field":"priority","created_on":"2013-08-23T21:28:51.416738+00:00","user":"kevindunn","issue":63,"changed_from":"major"},{"comment":5765545,"changed_to":"resolved","field":"status","created_on":"2013-08-23T21:29:20.474368+00:00","user":"kevindunn","issue":62,"changed_from":"new"},{"comment":5765684,"changed_to":"resolved","field":"status","created_on":"2013-08-23T21:44:42.372945+00:00","user":"kevindunn","issue":60,"changed_from":"new"},{"comment":5771071,"changed_to":"enhancement","field":"kind","created_on":"2013-08-24T18:15:56.121357+00:00","user":"kevindunn","issue":4,"changed_from":"bug"},{"comment":5771146,"changed_to":"resolved","field":"status","created_on":"2013-08-24T18:32:41.047535+00:00","user":"kevindunn","issue":9,"changed_from":"new"},{"comment":5771262,"changed_to":"minor","field":"priority","created_on":"2013-08-24T18:55:09.977473+00:00","user":"kevindunn","issue":11,"changed_from":"major"},{"comment":5771268,"changed_to":"resolved","field":"status","created_on":"2013-08-24T18:56:08.926107+00:00","user":"kevindunn","issue":11,"changed_from":"new"},{"comment":5771277,"changed_to":"resolved","field":"status","created_on":"2013-08-24T18:58:04.512650+00:00","user":"kevindunn","issue":15,"changed_from":"new"},{"comment":5771285,"changed_to":"once the testing period is finished and the tests are graded.","field":"content","created_on":"2013-08-24T18:58:57.825462+00:00","user":"kevindunn","issue":16,"changed_from":""},{"comment":5771285,"changed_to":"Send email with student grading","field":"title","created_on":"2013-08-24T18:58:57.827361+00:00","user":"kevindunn","issue":16,"changed_from":"Show student grading"},{"comment":5772550,"changed_to":"HAndling images drawn by software; saved on the server\r\nSomething like: \r\nhttp:\/\/www.williammalone.com\/articles\/create-html5-canvas-javascript-drawing-app\/#demo-simple\r\n* Can it save to PNG?","field":"content","created_on":"2013-08-24T23:38:20.727178+00:00","user":"kevindunn","issue":21,"changed_from":"HAndling images drawn by software; saved on the server"},{"comment":5772550,"changed_to":"enhancement","field":"kind","created_on":"2013-08-24T23:38:20.730473+00:00","user":"kevindunn","issue":21,"changed_from":"bug"},{"comment":5772662,"changed_to":"HAndling images drawn by software; saved on the server\r\nSomething like: \r\nhttp:\/\/www.williammalone.com\/articles\/create-html5-canvas-javascript-drawing-app\/#demo-simple\r\n* Can it save to PNG?\r\n\r\n* http:\/\/draw.etherpad.org\/  is amazing, and comes with an A","field":"content","created_on":"2013-08-24T23:43:47.394237+00:00","user":"kevindunn","issue":21,"changed_from":"HAndling images drawn by software; saved on the server\r\nSomething like: \r\nhttp:\/\/www.williammalone.com\/articles\/create-html5-canvas-javascript-drawing-app\/#demo-simple\r\n* Can it save to PNG?"},{"comment":5772664,"changed_to":"resolved","field":"status","created_on":"2013-08-24T23:44:46.557428+00:00","user":"kevindunn","issue":28,"changed_from":"new"},{"comment":5772699,"changed_to":"on the right hand side","field":"content","created_on":"2013-08-24T23:58:59.127774+00:00","user":"kevindunn","issue":30,"changed_from":""},{"comment":5772699,"changed_to":"Show time started, and show time remaining","field":"title","created_on":"2013-08-24T23:58:59.129690+00:00","user":"kevindunn","issue":30,"changed_from":"When time expires, show how much time they originally had"},{"comment":5772700,"changed_to":"critical","field":"priority","created_on":"2013-08-24T23:59:31.058526+00:00","user":"kevindunn","issue":33,"changed_from":"major"},{"comment":5772704,"changed_to":"resolved","field":"status","created_on":"2013-08-25T00:00:42.133674+00:00","user":"kevindunn","issue":35,"changed_from":"new"},{"comment":5772712,"changed_to":"resolved","field":"status","created_on":"2013-08-25T00:02:51.960485+00:00","user":"kevindunn","issue":37,"changed_from":"new"},{"comment":5772713,"changed_to":"resolved","field":"status","created_on":"2013-08-25T00:03:15.457311+00:00","user":"kevindunn","issue":38,"changed_from":"new"},{"comment":5772714,"changed_to":"resolved","field":"status","created_on":"2013-08-25T00:05:23.932692+00:00","user":"kevindunn","issue":45,"changed_from":"new"},{"comment":5777392,"changed_to":"resolved","field":"status","created_on":"2013-08-25T12:56:57.287722+00:00","user":"kevindunn","issue":46,"changed_from":"new"},{"comment":5777395,"changed_to":"resolved","field":"status","created_on":"2013-08-25T12:57:12.632413+00:00","user":"kevindunn","issue":47,"changed_from":"new"},{"comment":5777398,"changed_to":"resolved","field":"status","created_on":"2013-08-25T12:57:51.043432+00:00","user":"kevindunn","issue":48,"changed_from":"new"},{"comment":5777404,"changed_to":"resolved","field":"status","created_on":"2013-08-25T12:58:18.820954+00:00","user":"kevindunn","issue":49,"changed_from":"new"},{"comment":5777406,"changed_to":"Also see #40 and #41","field":"content","created_on":"2013-08-25T12:58:56.867719+00:00","user":"kevindunn","issue":50,"changed_from":""},{"comment":5777407,"changed_to":"enhancement","field":"kind","created_on":"2013-08-25T12:59:16.257257+00:00","user":"kevindunn","issue":52,"changed_from":"bug"},{"comment":5777413,"changed_to":"resolved","field":"status","created_on":"2013-08-25T13:00:31.150920+00:00","user":"kevindunn","issue":53,"changed_from":"new"},{"comment":5777421,"changed_to":"resolved","field":"status","created_on":"2013-08-25T13:02:05.681730+00:00","user":"kevindunn","issue":58,"changed_from":"new"},{"comment":5777430,"changed_to":"resolved","field":"status","created_on":"2013-08-25T13:04:08.522667+00:00","user":"kevindunn","issue":72,"changed_from":"new"},{"comment":5777441,"changed_to":"resolved","field":"status","created_on":"2013-08-25T13:07:02.926616+00:00","user":"kevindunn","issue":79,"changed_from":"new"},{"comment":5777444,"changed_to":"resolved","field":"status","created_on":"2013-08-25T13:07:23.847350+00:00","user":"kevindunn","issue":81,"changed_from":"new"},{"comment":5777469,"changed_to":"enhancement","field":"kind","created_on":"2013-08-25T13:11:00.576933+00:00","user":"kevindunn","issue":92,"changed_from":"bug"},{"comment":5777469,"changed_to":"kevindunn","field":"responsible","created_on":"2013-08-25T13:11:00.578931+00:00","user":"kevindunn","issue":92,"changed_from":""},{"comment":5777474,"changed_to":"open","field":"status","created_on":"2013-08-25T13:11:33.667634+00:00","user":"kevindunn","issue":92,"changed_from":"resolved"},{"comment":5789777,"changed_to":"resolved","field":"status","created_on":"2013-08-25T19:38:59.894894+00:00","user":"kevindunn","issue":43,"changed_from":"new"},{"comment":5789922,"changed_to":"resolved","field":"status","created_on":"2013-08-25T19:57:33.367473+00:00","user":"kevindunn","issue":57,"changed_from":"new"},{"comment":5798138,"changed_to":"new","field":"status","created_on":"2013-08-26T12:33:59.873156+00:00","user":"kevindunn","issue":92,"changed_from":"open"},{"comment":5808388,"changed_to":"resolved","field":"status","created_on":"2013-08-27T02:43:08.188475+00:00","user":"kevindunn","issue":33,"changed_from":"new"},{"comment":5808395,"changed_to":"resolved","field":"status","created_on":"2013-08-27T02:43:36.557709+00:00","user":"kevindunn","issue":40,"changed_from":"new"},{"comment":5808396,"changed_to":"resolved","field":"status","created_on":"2013-08-27T02:43:46.524055+00:00","user":"kevindunn","issue":93,"changed_from":"new"},{"comment":5808398,"changed_to":"resolved","field":"status","created_on":"2013-08-27T02:44:24.063177+00:00","user":"kevindunn","issue":41,"changed_from":"new"},{"comment":5808403,"changed_to":"Also see #40 and #41\r\n\r\nDo they actually review the answers to their questions?","field":"content","created_on":"2013-08-27T02:45:03.628448+00:00","user":"kevindunn","issue":50,"changed_from":"Also see #40 and #41"},{"comment":5808405,"changed_to":"Do they actually review the answers to their questions?","field":"content","created_on":"2013-08-27T02:45:16.186269+00:00","user":"kevindunn","issue":50,"changed_from":"Also see #40 and #41\r\n\r\nDo they actually review the answers to their questions?"},{"comment":5808680,"changed_to":"resolved","field":"status","created_on":"2013-08-27T03:32:17.079297+00:00","user":"kevindunn","issue":78,"changed_from":"new"},{"comment":5817187,"changed_to":"resolved","field":"status","created_on":"2013-08-27T15:05:29.410145+00:00","user":"kevindunn","issue":56,"changed_from":"new"},{"comment":5822808,"changed_to":"Integers show up as 4155.0\r\nOther decimals, e.g. 10.1, shows up as 10.100000000000001\r\n\r\nWhere?","field":"content","created_on":"2013-08-27T22:30:29.078677+00:00","user":"kevindunn","issue":73,"changed_from":"Integers show up as 4155.0\r\nOther decimals, e.g. 10.1, shows up as 10.100000000000001"},{"comment":5822833,"changed_to":"MAJOR: Users can submit answers after test cut off","field":"title","created_on":"2013-08-27T22:33:46.410437+00:00","user":"kevindunn","issue":99,"changed_from":"Users can submit answers after test cut off"},{"comment":5846202,"changed_to":"resolved","field":"status","created_on":"2013-08-29T00:19:15.856827+00:00","user":"kevindunn","issue":100,"changed_from":"new"},{"comment":5846206,"changed_to":"resolved","field":"status","created_on":"2013-08-29T00:19:45.599925+00:00","user":"kevindunn","issue":99,"changed_from":"new"},{"comment":5846211,"changed_to":"resolved","field":"status","created_on":"2013-08-29T00:20:40.171841+00:00","user":"kevindunn","issue":82,"changed_from":"new"},{"comment":5846214,"changed_to":"resolved","field":"status","created_on":"2013-08-29T00:21:23.204108+00:00","user":"kevindunn","issue":34,"changed_from":"new"},{"comment":5847329,"changed_to":"resolved","field":"status","created_on":"2013-08-29T03:46:23.319700+00:00","user":"kevindunn","issue":12,"changed_from":"new"},{"comment":5890929,"changed_to":"resolved","field":"status","created_on":"2013-09-02T02:32:12.434520+00:00","user":"kevindunn","issue":88,"changed_from":"new"},{"comment":5890936,"changed_to":"resolved","field":"status","created_on":"2013-09-02T02:34:15.619693+00:00","user":"kevindunn","issue":74,"changed_from":"new"},{"comment":5890939,"changed_to":"resolved","field":"status","created_on":"2013-09-02T02:34:32.754823+00:00","user":"kevindunn","issue":86,"changed_from":"new"},{"comment":5948195,"changed_to":"* Alignment of numbers with radio buttons\r\n* Hyperlink to \"constructive criticism\"\r\n* Why is feedback showing when explicitly not asked for?\r\n* How are the clicks being recorded for all the boxes?","field":"content","created_on":"2013-09-05T21:38:05.077043+00:00","user":"kevindunn","issue":102,"changed_from":"Alignment of numbers with radio buttons\r\nHyperlink to \"constructive criticism\"\r\nWhy is feedback showing when explicitly not asked for?\r\nHow are the clicks being recorded for all the boxes?"}]}