{"projects":[{"key":"QUEST","name":"Quest","versions":[],"components":[],"template":"com.pyxis.greenhopper.jira:gh-simplified-kanban-classic","issues":[{"status":"Backlog","updated":"2013-03-04T00:03:58.948612+00:00","watchers":["557058:75d9630a-689f-4e0e-a6dd-6368bb668f02"],"description":"Imported from https:\/\/bitbucket.org\/kevindunn\/quest\/issues\/76\/mcq-templates-are-fragile \n\n [[type]]\r\nmulti\r\n[[attribs]]\r\nContributor: Kevin Dunn\r\nDifficulty: 2\r\nTags: least squares, linear model\r\nGrade: 2\r\n[[question]]\r\nCheck all options that *correctly apply*:\r\n\r\nA least squares model, \\(y_i = b_0 + b_1 x_i + e_i\\), shows signs of non-constant error variance:\r\n\r\n--\r\n& The model coefficients \\(b_0\\) and \\(b_1\\) will not be calculated correctly.\r\n^ Confidence intervals for \\(\\beta_0\\) and \\(\\beta_1\\) will be wider than they would otherwise be.\r\n^ The problem may be reduced by using weighted least squares instead.\r\n^ The problem is detected when plotting the residuals against the predicted \\(y\\)-values.\r\n& Is problematic, because it means the residuals are not normally distributed.\r\n[[Solution]]\r\nThe above works\r\n\r\n\r\n[[type]]\r\nmulti\r\n[[attribs]]\r\nContributor: Kevin Dunn\r\nDifficulty: 2\r\nTags: least squares, linear model\r\nGrade: 2\r\n[[question]]\r\nCheck all options that *correctly apply*:\r\n\r\nA least squares model, \\(y_i = b_0 + b_1 x_i + e_i\\), shows signs of non-constant error variance:\r\n\r\n--\r\n& The model coefficients \\(b_0\\) and \\(b_1\\) will not be calculated correctly.\r\n^ Confidence intervals for \\(\\beta_0\\) and \\(\\beta_1\\) will be wider than they would otherwise be.\r\n^ The problem may be reduced by using weighted least squares instead.\r\n^ The problem is detected when plotting the residuals against the predicted \\(y\\)-values.\r\n& Is problematic, because it means the residuals are not normally distributed.\r\n\r\n[[Solution]]\r\nLeaving an extra line above Solution causes bad checkbox placement","reporter":"557058:75d9630a-689f-4e0e-a6dd-6368bb668f02","created":"2013-03-04T00:03:58.948612+00:00","summary":"MCQ templates are fragile","priority":"Medium","externalId":"Quest-76","issueType":"Bug"},{"status":"Backlog","updated":"2013-08-24T18:15:56.076499+00:00","watchers":["557058:75d9630a-689f-4e0e-a6dd-6368bb668f02"],"description":"Imported from https:\/\/bitbucket.org\/kevindunn\/quest\/issues\/4\/print-all-tests-and-solutions \n\n PDF\r\nHTML","reporter":"557058:75d9630a-689f-4e0e-a6dd-6368bb668f02","created":"2013-01-09T21:02:52.666456+00:00","comments":[{"body":"See #1","created":"2013-08-24T18:15:56.114327+00:00","author":"557058:75d9630a-689f-4e0e-a6dd-6368bb668f02"}],"summary":"Print all tests (and solutions)","priority":"Medium","externalId":"Quest-4","issueType":"Story"},{"status":"Backlog","updated":"2014-01-14T16:42:08.349880+00:00","watchers":["557058:75d9630a-689f-4e0e-a6dd-6368bb668f02"],"description":"Imported from https:\/\/bitbucket.org\/kevindunn\/quest\/issues\/115\/groups \n\n Have the \"group\" be a setting related to the course.\r\nEach course may have different group specifications","reporter":"557058:75d9630a-689f-4e0e-a6dd-6368bb668f02","created":"2014-01-14T16:42:08.349880+00:00","summary":"Groups:","priority":"Medium","externalId":"Quest-115","issueType":"Bug"},{"status":"Backlog","updated":"2013-11-19T21:34:22.229748+00:00","watchers":["557058:75d9630a-689f-4e0e-a6dd-6368bb668f02"],"description":"Imported from https:\/\/bitbucket.org\/kevindunn\/quest\/issues\/106\/robust-images \n\n Make a nice way to get link to images","reporter":"557058:75d9630a-689f-4e0e-a6dd-6368bb668f02","created":"2013-11-19T21:34:22.229748+00:00","summary":"Robust images","priority":"Medium","externalId":"Quest-106","issueType":"Bug"},{"status":"Backlog","updated":"2013-11-19T21:34:40.617639+00:00","watchers":["557058:75d9630a-689f-4e0e-a6dd-6368bb668f02"],"description":"Imported from https:\/\/bitbucket.org\/kevindunn\/quest\/issues\/107\/question-creation \n\n Have a step-by step process to create questions for the user.","reporter":"557058:75d9630a-689f-4e0e-a6dd-6368bb668f02","created":"2013-11-19T21:34:40.617639+00:00","summary":"Question creation","priority":"Medium","externalId":"Quest-107","issueType":"Bug"},{"status":"Backlog","updated":"2013-08-08T14:43:34.715207+00:00","watchers":["557058:75d9630a-689f-4e0e-a6dd-6368bb668f02"],"description":"Imported from https:\/\/bitbucket.org\/kevindunn\/quest\/issues\/95\/allow-for-student-groups-and-peer \n\n * Weekly peer evaluations\r\n* State who was the chair\r\n* Anonymous feedback for any of your group members?","reporter":"557058:75d9630a-689f-4e0e-a6dd-6368bb668f02","created":"2013-08-08T14:34:03.509834+00:00","comments":[{"body":null,"created":"2013-08-08T14:43:34.739986+00:00","author":"557058:75d9630a-689f-4e0e-a6dd-6368bb668f02"},{"body":null,"created":"2013-08-08T14:40:54.118833+00:00","author":"557058:75d9630a-689f-4e0e-a6dd-6368bb668f02"}],"summary":"Allow for student groups and peer evaluation","priority":"Medium","externalId":"Quest-95","issueType":"Bug"},{"status":"Done","updated":"2013-08-16T02:43:51.061143+00:00","watchers":["557058:75d9630a-689f-4e0e-a6dd-6368bb668f02"],"description":"Imported from https:\/\/bitbucket.org\/kevindunn\/quest\/issues\/80\/why-is-it-messing-up-test-creation-for-600 \n\n ","reporter":"557058:75d9630a-689f-4e0e-a6dd-6368bb668f02","created":"2013-03-16T18:16:46.096062+00:00","comments":[{"body":"Not enough info","created":"2013-08-16T02:43:51.086932+00:00","author":"557058:75d9630a-689f-4e0e-a6dd-6368bb668f02"}],"summary":"Why is it messing up test creation for 600-level students?","priority":"Medium","externalId":"Quest-80","issueType":"Bug","resolution":"resolved"},{"status":"Backlog","updated":"2013-12-02T12:39:48.893647+00:00","watchers":["557058:75d9630a-689f-4e0e-a6dd-6368bb668f02"],"description":"Imported from https:\/\/bitbucket.org\/kevindunn\/quest\/issues\/109\/send-warning-emails \n\n to students that have not attempted the Quest yet and there are 2 hours to go before due time","reporter":"557058:75d9630a-689f-4e0e-a6dd-6368bb668f02","created":"2013-12-02T12:39:48.893647+00:00","summary":"Send warning emails","priority":"Medium","externalId":"Quest-109","issueType":"Bug"},{"status":"Done","updated":"2013-08-23T21:27:26.544613+00:00","watchers":["557058:75d9630a-689f-4e0e-a6dd-6368bb668f02"],"description":"Imported from https:\/\/bitbucket.org\/kevindunn\/quest\/issues\/66\/html-for-numeric-answers-vs-string-answers \n\n will make answering on a phone far easier.","reporter":"557058:75d9630a-689f-4e0e-a6dd-6368bb668f02","created":"2013-02-04T03:00:33.938528+00:00","comments":[{"body":"huh? Not sure how it will be different for students answering questions on their phones.","created":"2013-08-23T21:27:26.569540+00:00","author":"557058:75d9630a-689f-4e0e-a6dd-6368bb668f02"}],"summary":"html for numeric answers vs string answers","priority":"Medium","externalId":"Quest-66","issueType":"Bug","resolution":"resolved"},{"status":"Backlog","updated":"2013-08-23T21:28:51.070038+00:00","watchers":["557058:75d9630a-689f-4e0e-a6dd-6368bb668f02"],"description":"Imported from https:\/\/bitbucket.org\/kevindunn\/quest\/issues\/63\/clicking-on-a-tag-shows-a-list-of-all \n\n ","reporter":"557058:75d9630a-689f-4e0e-a6dd-6368bb668f02","created":"2013-01-31T23:35:21.233285+00:00","comments":[{"body":null,"created":"2013-08-23T21:28:51.276430+00:00","author":"557058:75d9630a-689f-4e0e-a6dd-6368bb668f02"}],"summary":"Clicking on a tag shows a list of all questions that are from that tag.","priority":"Low","externalId":"Quest-63","issueType":"Bug"},{"status":"Done","updated":"2013-08-23T21:29:20.428308+00:00","watchers":["557058:75d9630a-689f-4e0e-a6dd-6368bb668f02"],"description":"Imported from https:\/\/bitbucket.org\/kevindunn\/quest\/issues\/62\/auto-grading \n\n Build up on successive answers.\r\n\r\n* calculated std deviation is used in the next part of the question\r\n* take grades off for bad std dev, but use incorrect std deviation in the next parts of the question.","reporter":"557058:75d9630a-689f-4e0e-a6dd-6368bb668f02","created":"2013-01-29T23:44:58.668146+00:00","comments":[{"body":"Not the intention of this system to have questions this complex.","created":"2013-08-23T21:29:20.467299+00:00","author":"557058:75d9630a-689f-4e0e-a6dd-6368bb668f02"}],"summary":"Auto grading:","priority":"Medium","externalId":"Quest-62","issueType":"Bug","resolution":"resolved"},{"status":"Done","updated":"2013-08-24T18:32:41.008796+00:00","watchers":["557058:75d9630a-689f-4e0e-a6dd-6368bb668f02"],"description":"Imported from https:\/\/bitbucket.org\/kevindunn\/quest\/issues\/9\/tags-for-user-names \n\n Not done correctly for double-barrelled names","reporter":"557058:75d9630a-689f-4e0e-a6dd-6368bb668f02","created":"2013-01-14T01:28:27.526763+00:00","comments":[{"body":"Not a big deal","created":"2013-08-24T18:32:41.043431+00:00","author":"557058:75d9630a-689f-4e0e-a6dd-6368bb668f02"}],"summary":"tags for user names","priority":"Medium","externalId":"Quest-9","issueType":"Bug","resolution":"resolved","attachments":[{"attacher":"557058:75d9630a-689f-4e0e-a6dd-6368bb668f02","description":"Screen Shot 2013-01-13 at 20.28.21 .png","name":"Screen Shot 2013-01-13 at 20.28.21 .png","uri":"https:\/\/bitbucket.org\/kevindunn\/quest\/issues\/attachments\/9\/kevindunn\/quest\/1358126907.55\/9\/Screen%20Shot%202013-01-13%20at%2020.28.21%20.png"}]},{"status":"Done","updated":"2013-08-24T18:56:08.900126+00:00","watchers":["557058:75d9630a-689f-4e0e-a6dd-6368bb668f02"],"description":"Imported from https:\/\/bitbucket.org\/kevindunn\/quest\/issues\/11\/delete-session-as-soon-as-submitted-so \n\n ","reporter":"557058:75d9630a-689f-4e0e-a6dd-6368bb668f02","created":"2013-01-14T20:56:21.633368+00:00","comments":[{"body":null,"created":"2013-08-24T18:55:09.971785+00:00","author":"557058:75d9630a-689f-4e0e-a6dd-6368bb668f02"},{"body":"Done. We already delete the session key","created":"2013-08-24T18:56:08.920587+00:00","author":"557058:75d9630a-689f-4e0e-a6dd-6368bb668f02"}],"summary":"Delete session as soon as submitted so that students can re-use sessions from the URL history","priority":"Low","externalId":"Quest-11","issueType":"Bug","resolution":"resolved"},{"status":"Backlog","updated":"2013-08-24T18:58:57.791917+00:00","watchers":["557058:75d9630a-689f-4e0e-a6dd-6368bb668f02"],"description":"Imported from https:\/\/bitbucket.org\/kevindunn\/quest\/issues\/16\/send-email-with-student-grading \n\n once the testing period is finished and the tests are graded.","reporter":"557058:75d9630a-689f-4e0e-a6dd-6368bb668f02","created":"2013-01-15T12:27:49.856533+00:00","comments":[{"body":null,"created":"2013-08-24T18:58:57.820865+00:00","author":"557058:75d9630a-689f-4e0e-a6dd-6368bb668f02"}],"summary":"Send email with student grading","priority":"Medium","externalId":"Quest-16","issueType":"Bug"},{"status":"Backlog","updated":"2013-08-24T23:43:47.359317+00:00","watchers":["557058:75d9630a-689f-4e0e-a6dd-6368bb668f02"],"description":"Imported from https:\/\/bitbucket.org\/kevindunn\/quest\/issues\/21\/allow-images-to-be-used-in-the-questions \n\n HAndling images drawn by software; saved on the server\r\nSomething like: \r\nhttp:\/\/www.williammalone.com\/articles\/create-html5-canvas-javascript-drawing-app\/#demo-simple\r\n* Can it save to PNG?\r\n\r\n* http:\/\/draw.etherpad.org\/  is amazing, and comes with an API\r\n","reporter":"557058:75d9630a-689f-4e0e-a6dd-6368bb668f02","created":"2013-01-16T13:35:50.772261+00:00","comments":[{"body":null,"created":"2013-08-24T23:38:20.721788+00:00","author":"557058:75d9630a-689f-4e0e-a6dd-6368bb668f02"},{"body":null,"created":"2013-08-24T23:43:47.388764+00:00","author":"557058:75d9630a-689f-4e0e-a6dd-6368bb668f02"}],"summary":"Allow images to be used in the questions","priority":"Medium","externalId":"Quest-21","issueType":"Story"},{"status":"Done","updated":"2013-08-25T12:56:57.261963+00:00","watchers":["557058:75d9630a-689f-4e0e-a6dd-6368bb668f02"],"description":"Imported from https:\/\/bitbucket.org\/kevindunn\/quest\/issues\/46\/pagehit-admin \n\n Show user.slug (instead of ID)","reporter":"557058:75d9630a-689f-4e0e-a6dd-6368bb668f02","created":"2013-01-22T02:03:29.773075+00:00","comments":[{"body":"Fixed in 7588af90a447","created":"2013-08-25T12:56:57.283838+00:00","author":"557058:75d9630a-689f-4e0e-a6dd-6368bb668f02"}],"summary":"PageHit admin","priority":"Medium","externalId":"Quest-46","issueType":"Bug","resolution":"resolved"},{"status":"Done","updated":"2013-08-25T12:57:12.607957+00:00","watchers":["557058:75d9630a-689f-4e0e-a6dd-6368bb668f02"],"description":"Imported from https:\/\/bitbucket.org\/kevindunn\/quest\/issues\/47\/cache-the-media-files-css-see-how-you-did \n\n Up the version number also","reporter":"557058:75d9630a-689f-4e0e-a6dd-6368bb668f02","created":"2013-01-22T02:09:38.980986+00:00","comments":[{"body":"Done","created":"2013-08-25T12:57:12.627971+00:00","author":"557058:75d9630a-689f-4e0e-a6dd-6368bb668f02"}],"summary":"Cache the media files (CSS); see how you did it on SciPy Central","priority":"Medium","externalId":"Quest-47","issueType":"Bug","resolution":"resolved"},{"status":"Backlog","updated":"2013-08-27T02:45:16.142621+00:00","watchers":["557058:75d9630a-689f-4e0e-a6dd-6368bb668f02"],"description":"Imported from https:\/\/bitbucket.org\/kevindunn\/quest\/issues\/50\/unique-token-for-checking-solutions-track \n\n Do they actually review the answers to their questions?","reporter":"557058:75d9630a-689f-4e0e-a6dd-6368bb668f02","created":"2013-01-22T18:43:34.579198+00:00","comments":[{"body":null,"created":"2013-08-25T12:58:56.861549+00:00","author":"557058:75d9630a-689f-4e0e-a6dd-6368bb668f02"},{"body":null,"created":"2013-08-27T02:45:03.591525+00:00","author":"557058:75d9630a-689f-4e0e-a6dd-6368bb668f02"},{"body":null,"created":"2013-08-27T02:45:16.180338+00:00","author":"557058:75d9630a-689f-4e0e-a6dd-6368bb668f02"}],"summary":"Unique token for checking solutions: track how many use this token","priority":"Medium","externalId":"Quest-50","issueType":"Bug"},{"status":"Done","updated":"2013-08-27T03:32:17.051681+00:00","watchers":["557058:75d9630a-689f-4e0e-a6dd-6368bb668f02"],"description":"Imported from https:\/\/bitbucket.org\/kevindunn\/quest\/issues\/78\/upload-new-quests-not-robust \n\n * accept file upload\r\n* if it starts with \"#----\" it crashes. It shouldn't\r\n","reporter":"557058:75d9630a-689f-4e0e-a6dd-6368bb668f02","created":"2013-03-11T00:44:05.265440+00:00","comments":[{"body":"See #74 and #86\n","created":"2013-08-25T13:06:37.777013+00:00","author":"557058:75d9630a-689f-4e0e-a6dd-6368bb668f02"},{"body":"Both items fixed in 8ba903592e22","created":"2013-08-27T03:32:17.074860+00:00","author":"557058:75d9630a-689f-4e0e-a6dd-6368bb668f02"}],"summary":"Upload new quests not robust","priority":"Medium","externalId":"Quest-78","issueType":"Bug","resolution":"resolved"},{"status":"Done","updated":"2013-08-25T13:07:23.816949+00:00","watchers":["557058:75d9630a-689f-4e0e-a6dd-6368bb668f02"],"description":"Imported from https:\/\/bitbucket.org\/kevindunn\/quest\/issues\/81\/editing-qactuals-takes-a-long-time \n\n See : http:\/\/www.stereoplex.com\/blog\/filtering-dropdown-lists-in-the-django-admin","reporter":"557058:75d9630a-689f-4e0e-a6dd-6368bb668f02","created":"2013-03-16T18:22:46.842513+00:00","comments":[{"body":"Fixed","created":"2013-08-25T13:07:23.843745+00:00","author":"557058:75d9630a-689f-4e0e-a6dd-6368bb668f02"}],"summary":"Editing QActuals takes a long time","priority":"Medium","externalId":"Quest-81","issueType":"Bug","resolution":"resolved"},{"status":"Done","updated":"2013-09-02T02:34:32.724389+00:00","watchers":["557058:75d9630a-689f-4e0e-a6dd-6368bb668f02"],"description":"Imported from https:\/\/bitbucket.org\/kevindunn\/quest\/issues\/86\/use-jsonloads-and-jsondumps-everywhere \n\n Don't allow single quotes to creep in.","reporter":"557058:75d9630a-689f-4e0e-a6dd-6368bb668f02","created":"2013-04-23T19:18:23.704851+00:00","comments":[{"body":"See #78","created":"2013-08-25T13:09:44.356919+00:00","author":"557058:75d9630a-689f-4e0e-a6dd-6368bb668f02"},{"body":"Done, all unit tests pass now.","created":"2013-09-02T02:34:32.747142+00:00","author":"557058:75d9630a-689f-4e0e-a6dd-6368bb668f02"}],"summary":"Use json.loads and json.dumps everywhere with double quotations","priority":"Medium","externalId":"Quest-86","issueType":"Bug","resolution":"resolved"},{"status":"Backlog","updated":"2013-08-26T12:33:59.840920+00:00","watchers":["557058:75d9630a-689f-4e0e-a6dd-6368bb668f02"],"description":"Imported from https:\/\/bitbucket.org\/kevindunn\/quest\/issues\/92\/show-distribution-of-grades-at-quest-sign \n\n Show overall grade and where the student lies relative to rest of class","reporter":"557058:75d9630a-689f-4e0e-a6dd-6368bb668f02","created":"2013-04-24T21:22:18.834335+00:00","comments":[{"body":null,"created":"2013-08-25T13:11:33.662227+00:00","author":"557058:75d9630a-689f-4e0e-a6dd-6368bb668f02"},{"body":null,"created":"2013-08-25T13:11:00.573252+00:00","author":"557058:75d9630a-689f-4e0e-a6dd-6368bb668f02"},{"body":null,"created":"2013-08-26T12:33:59.869110+00:00","author":"557058:75d9630a-689f-4e0e-a6dd-6368bb668f02"}],"summary":"Show distribution of grades at Quest sign in","priority":"Medium","assignee":"557058:75d9630a-689f-4e0e-a6dd-6368bb668f02","externalId":"Quest-92","issueType":"Story"},{"status":"Done","updated":"2013-08-27T02:43:46.491340+00:00","watchers":["557058:75d9630a-689f-4e0e-a6dd-6368bb668f02"],"description":"Imported from https:\/\/bitbucket.org\/kevindunn\/quest\/issues\/93\/warn-about-unanswered-questions-when \n\n Highlight them in a different colour","reporter":"557058:75d9630a-689f-4e0e-a6dd-6368bb668f02","created":"2013-04-25T20:32:37.507084+00:00","comments":[{"body":"See #40 #41 #50","created":"2013-08-25T13:12:05.466190+00:00","author":"557058:75d9630a-689f-4e0e-a6dd-6368bb668f02"},{"body":"Fixed in 2b28638de816","created":"2013-08-27T02:43:46.518551+00:00","author":"557058:75d9630a-689f-4e0e-a6dd-6368bb668f02"}],"summary":"Warn about unanswered questions when submitting","priority":"Medium","externalId":"Quest-93","issueType":"Bug","resolution":"resolved"},{"status":"Done","updated":"2013-08-27T02:43:36.525728+00:00","watchers":["557058:75d9630a-689f-4e0e-a6dd-6368bb668f02"],"description":"Imported from https:\/\/bitbucket.org\/kevindunn\/quest\/issues\/40\/put-whether-or-not-the-question-has-been \n\n ","reporter":"557058:75d9630a-689f-4e0e-a6dd-6368bb668f02","created":"2013-01-21T21:11:18.901690+00:00","comments":[{"body":"See #93","created":"2013-08-25T13:12:17.012956+00:00","author":"557058:75d9630a-689f-4e0e-a6dd-6368bb668f02"},{"body":"Fixed in 2b28638de816","created":"2013-08-27T02:43:36.552556+00:00","author":"557058:75d9630a-689f-4e0e-a6dd-6368bb668f02"}],"summary":"Put whether or not the question has been attempted in the list and submitted status","priority":"Medium","externalId":"Quest-40","issueType":"Bug","resolution":"resolved"},{"status":"Backlog","updated":"2013-08-26T20:36:54.621412+00:00","watchers":["557058:75d9630a-689f-4e0e-a6dd-6368bb668f02"],"description":"Imported from https:\/\/bitbucket.org\/kevindunn\/quest\/issues\/98\/show-errors-during-preview \n\n When running URL `admin-preview-question` and an error occurs (e.g. JSON decode error - see `week-1.qset` for example), then return the error gracefully to the browser, so the previewer can fix it.","reporter":"557058:75d9630a-689f-4e0e-a6dd-6368bb668f02","created":"2013-08-26T20:34:40.182919+00:00","comments":[{"body":"Eg. `ParseError` is sometimes raised, if question begins with the `#----` parts","created":"2013-08-26T20:36:54.604678+00:00","author":"557058:75d9630a-689f-4e0e-a6dd-6368bb668f02"}],"summary":"Show errors during preview","priority":"Medium","externalId":"Quest-98","issueType":"Bug"},{"status":"Backlog","updated":"2013-08-27T22:30:29.036586+00:00","watchers":["557058:75d9630a-689f-4e0e-a6dd-6368bb668f02"],"description":"Imported from https:\/\/bitbucket.org\/kevindunn\/quest\/issues\/73\/formatting-of-variables-from-python-is-a \n\n Integers show up as 4155.0\r\nOther decimals, e.g. 10.1, shows up as 10.100000000000001\r\n\r\nWhere?","reporter":"557058:75d9630a-689f-4e0e-a6dd-6368bb668f02","created":"2013-02-24T22:14:54.912778+00:00","comments":[{"body":null,"created":"2013-08-27T22:30:29.073683+00:00","author":"557058:75d9630a-689f-4e0e-a6dd-6368bb668f02"}],"summary":"Formatting of variables from Python is a mess","priority":"Medium","externalId":"Quest-73","issueType":"Bug"},{"status":"Done","updated":"2013-08-29T00:19:45.570924+00:00","watchers":["557058:75d9630a-689f-4e0e-a6dd-6368bb668f02"],"description":"Imported from https:\/\/bitbucket.org\/kevindunn\/quest\/issues\/99\/major-users-can-submit-answers-after-test \n\n By manipulating the DOM `disabled=True` in the text boxes, they can submit answers.\r\n\r\nCheck why validation does not check for time.","reporter":"557058:75d9630a-689f-4e0e-a6dd-6368bb668f02","created":"2013-08-27T15:06:31.186414+00:00","comments":[{"body":null,"created":"2013-08-27T22:33:46.405005+00:00","author":"557058:75d9630a-689f-4e0e-a6dd-6368bb668f02"},{"body":"Fixed: a4668ea90125","created":"2013-08-29T00:19:45.596560+00:00","author":"557058:75d9630a-689f-4e0e-a6dd-6368bb668f02"}],"summary":"MAJOR: Users can submit answers after test cut off","priority":"Medium","externalId":"Quest-99","issueType":"Bug","resolution":"resolved"},{"status":"Backlog","updated":"2013-01-10T03:58:04.113981+00:00","watchers":["557058:75d9630a-689f-4e0e-a6dd-6368bb668f02"],"description":"Imported from https:\/\/bitbucket.org\/kevindunn\/quest\/issues\/5\/stylometric-analysis \n\n http:\/\/www.soi.city.ac.uk\/~peters\/StylometricAnalysis.htm","reporter":"557058:75d9630a-689f-4e0e-a6dd-6368bb668f02","created":"2013-01-10T03:58:04.113981+00:00","summary":"Stylometric analysis","priority":"Low","externalId":"Quest-5","issueType":"Story"},{"status":"Backlog","updated":"2013-01-15T12:27:02.766308+00:00","watchers":["557058:75d9630a-689f-4e0e-a6dd-6368bb668f02"],"description":"Imported from https:\/\/bitbucket.org\/kevindunn\/quest\/issues\/14\/easier-way-to-upload-tests \n\n ","reporter":"557058:75d9630a-689f-4e0e-a6dd-6368bb668f02","created":"2013-01-15T12:27:02.766308+00:00","summary":"Easier way to upload tests","priority":"Medium","externalId":"Quest-14","issueType":"Bug"},{"status":"Backlog","updated":"2013-01-15T12:25:21.330627+00:00","watchers":["557058:75d9630a-689f-4e0e-a6dd-6368bb668f02"],"description":"Imported from https:\/\/bitbucket.org\/kevindunn\/quest\/issues\/13\/testing-for-student-workflow \n\n * Before test starts\r\n* Log in\r\n* During test\r\n* After test expiry of test\r\n* After session expires\r\n* Log in from a different browser re-using link\r\n* Log in from different browser re-requesting sign-in\r\n","reporter":"557058:75d9630a-689f-4e0e-a6dd-6368bb668f02","created":"2013-01-15T12:25:21.330627+00:00","summary":"Testing for Student workflow","priority":"Medium","externalId":"Quest-13","issueType":"Bug"},{"status":"Done","updated":"2013-09-02T02:32:12.403511+00:00","watchers":["557058:75d9630a-689f-4e0e-a6dd-6368bb668f02"],"description":"Imported from https:\/\/bitbucket.org\/kevindunn\/quest\/issues\/88\/preview-must-show-grading-of-questions \n\n So instructor can test sensitivity of grading","reporter":"557058:75d9630a-689f-4e0e-a6dd-6368bb668f02","created":"2013-04-24T16:16:47.670358+00:00","comments":[{"body":"9c559baf7a3d","created":"2013-09-02T02:32:12.430388+00:00","author":"557058:75d9630a-689f-4e0e-a6dd-6368bb668f02"}],"summary":"Preview must show grading of questions","priority":"Medium","externalId":"Quest-88","issueType":"Bug","resolution":"resolved"},{"status":"Backlog","updated":"2013-01-16T15:49:20.582150+00:00","watchers":["557058:75d9630a-689f-4e0e-a6dd-6368bb668f02"],"description":"Imported from https:\/\/bitbucket.org\/kevindunn\/quest\/issues\/23\/do-not-allow-new-answers-to-be-saved-after \n\n Enforce this at the model .save() level, because the user can manipulate the \"disabled\" styling of the <input> element (e.g. via the browser's DOM inspector) and cause the answer to changed after the test cut-off.","reporter":"557058:75d9630a-689f-4e0e-a6dd-6368bb668f02","created":"2013-01-16T14:42:17.955497+00:00","comments":[{"body":null,"created":"2013-01-16T15:49:20.605219+00:00","author":"557058:75d9630a-689f-4e0e-a6dd-6368bb668f02"}],"summary":"Do not allow new answers to be saved after the final time has expired.","priority":"High","externalId":"Quest-23","issueType":"Bug"},{"status":"Backlog","updated":"2013-08-29T11:54:21.187816+00:00","watchers":["557058:75d9630a-689f-4e0e-a6dd-6368bb668f02"],"description":"Imported from https:\/\/bitbucket.org\/kevindunn\/quest\/issues\/101\/fade-out-text-and-grey \n\n for the RHS showing the answer has been received","reporter":"557058:75d9630a-689f-4e0e-a6dd-6368bb668f02","created":"2013-08-29T11:54:21.187816+00:00","summary":"Fade out text and grey","priority":"Medium","externalId":"Quest-101","issueType":"Bug"},{"status":"Backlog","updated":"2013-01-16T16:40:14.956248+00:00","watchers":["557058:75d9630a-689f-4e0e-a6dd-6368bb668f02"],"description":"Imported from https:\/\/bitbucket.org\/kevindunn\/quest\/issues\/25\/random-selection-of-questions-and-question \n\n ","reporter":"557058:75d9630a-689f-4e0e-a6dd-6368bb668f02","created":"2013-01-16T16:40:14.956248+00:00","summary":"Random selection of questions and question order for different users","priority":"Medium","externalId":"Quest-25","issueType":"Bug"},{"status":"Backlog","updated":"2013-01-11T02:08:52.566916+00:00","watchers":["557058:75d9630a-689f-4e0e-a6dd-6368bb668f02"],"description":"Imported from https:\/\/bitbucket.org\/kevindunn\/quest\/issues\/6\/random-values-on-html-key \n\n Set the 4-character randomization to be different for each user: mapping between the template and the grading. To prevent improper collaboration.","reporter":"557058:75d9630a-689f-4e0e-a6dd-6368bb668f02","created":"2013-01-11T02:08:52.566916+00:00","summary":"Random values on HTML key","priority":"Medium","assignee":"557058:75d9630a-689f-4e0e-a6dd-6368bb668f02","externalId":"Quest-6","issueType":"Bug"},{"status":"Done","updated":"2013-01-28T15:50:12.664136+00:00","watchers":["557058:75d9630a-689f-4e0e-a6dd-6368bb668f02"],"description":"Imported from https:\/\/bitbucket.org\/kevindunn\/quest\/issues\/39\/put-tags-of-questions-related-to-the \n\n ","reporter":"557058:75d9630a-689f-4e0e-a6dd-6368bb668f02","created":"2013-01-21T21:10:51.729818+00:00","comments":[{"body":"Done","created":"2013-01-28T15:50:12.685107+00:00","author":"557058:75d9630a-689f-4e0e-a6dd-6368bb668f02"}],"summary":"Put tags of questions related to the current quiz in the columns","priority":"Medium","externalId":"Quest-39","issueType":"Bug","resolution":"resolved"},{"status":"Done","updated":"2013-01-26T12:04:37.649997+00:00","watchers":["557058:75d9630a-689f-4e0e-a6dd-6368bb668f02"],"description":"Imported from https:\/\/bitbucket.org\/kevindunn\/quest\/issues\/19\/use-a-proper-database-postgres \n\n ","reporter":"557058:75d9630a-689f-4e0e-a6dd-6368bb668f02","created":"2013-01-15T21:47:14.078292+00:00","comments":[{"body":"Done: 26 Jan","created":"2013-01-26T12:04:37.665189+00:00","author":"557058:75d9630a-689f-4e0e-a6dd-6368bb668f02"}],"summary":"Use a proper database: Postgres","priority":"Medium","externalId":"Quest-19","issueType":"Bug","resolution":"resolved"},{"status":"Done","updated":"2013-08-16T02:46:04.229457+00:00","watchers":["557058:75d9630a-689f-4e0e-a6dd-6368bb668f02"],"description":"Imported from https:\/\/bitbucket.org\/kevindunn\/quest\/issues\/10\/extra-time-for-sas-students \n\n ","reporter":"557058:75d9630a-689f-4e0e-a6dd-6368bb668f02","created":"2013-01-14T03:18:58.212392+00:00","comments":[{"body":null,"created":"2013-01-21T13:08:14.458998+00:00","author":"557058:75d9630a-689f-4e0e-a6dd-6368bb668f02"},{"body":"Not","created":"2013-08-16T02:46:04.256936+00:00","author":"557058:75d9630a-689f-4e0e-a6dd-6368bb668f02"}],"summary":"Extra time for SAS students","priority":"Medium","externalId":"Quest-10","issueType":"Bug","resolution":"resolved"},{"status":"Done","updated":"2013-08-23T20:56:53.903874+00:00","watchers":["557058:75d9630a-689f-4e0e-a6dd-6368bb668f02"],"description":"Imported from https:\/\/bitbucket.org\/kevindunn\/quest\/issues\/89\/show-quest-name-course-name-student-name \n\n always in the header.\r\n\r\nIn the footer, show the reference to the qactual, so I can easily locate it.","reporter":"557058:75d9630a-689f-4e0e-a6dd-6368bb668f02","created":"2013-04-24T16:47:51.401210+00:00","comments":[{"body":"Done","created":"2013-08-23T20:56:53.928759+00:00","author":"557058:75d9630a-689f-4e0e-a6dd-6368bb668f02"}],"summary":"Show Quest name, Course name, Student name","priority":"Medium","externalId":"Quest-89","issueType":"Bug","resolution":"resolved"},{"status":"Backlog","updated":"2013-01-17T03:01:41.653393+00:00","watchers":["557058:75d9630a-689f-4e0e-a6dd-6368bb668f02"],"description":"Imported from https:\/\/bitbucket.org\/kevindunn\/quest\/issues\/26\/interface-for-instructor-ta-grading \n\n ","reporter":"557058:75d9630a-689f-4e0e-a6dd-6368bb668f02","created":"2013-01-17T03:01:41.653393+00:00","summary":"Interface for instructor\/TA grading","priority":"Medium","externalId":"Quest-26","issueType":"Bug"},{"status":"Done","updated":"2013-08-16T03:02:35.308539+00:00","watchers":["557058:75d9630a-689f-4e0e-a6dd-6368bb668f02"],"description":"Imported from https:\/\/bitbucket.org\/kevindunn\/quest\/issues\/31\/test-for-electronic-signature \n\n ","reporter":"557058:75d9630a-689f-4e0e-a6dd-6368bb668f02","created":"2013-01-20T23:42:16.111524+00:00","comments":[{"body":".?","created":"2013-08-16T03:02:35.347488+00:00","author":"557058:75d9630a-689f-4e0e-a6dd-6368bb668f02"}],"summary":"Test for electronic signature","priority":"Medium","externalId":"Quest-31","issueType":"Bug","resolution":"resolved"},{"status":"Done","updated":"2013-01-16T14:25:38.652388+00:00","watchers":["557058:75d9630a-689f-4e0e-a6dd-6368bb668f02"],"description":"Imported from https:\/\/bitbucket.org\/kevindunn\/quest\/issues\/7\/wrapping-with-checkbox \n\n If the checkbox line is wrapped it looks ugly","reporter":"557058:75d9630a-689f-4e0e-a6dd-6368bb668f02","created":"2013-01-14T00:46:56.099766+00:00","comments":[{"body":"Done in 8f2caf9","created":"2013-01-16T14:25:38.671549+00:00","author":"557058:75d9630a-689f-4e0e-a6dd-6368bb668f02"}],"summary":"Wrapping with checkbox","priority":"Medium","externalId":"Quest-7","issueType":"Bug","resolution":"resolved","attachments":[{"attacher":"557058:75d9630a-689f-4e0e-a6dd-6368bb668f02","description":"Screen Shot 2013-01-13 at 19.47.09 .png","name":"Screen Shot 2013-01-13 at 19.47.09 .png","uri":"https:\/\/bitbucket.org\/kevindunn\/quest\/issues\/attachments\/7\/kevindunn\/quest\/1358124416.13\/7\/Screen%20Shot%202013-01-13%20at%2019.47.09%20.png"}]},{"status":"Done","updated":"2013-01-16T14:25:19.975772+00:00","watchers":["557058:75d9630a-689f-4e0e-a6dd-6368bb668f02"],"description":"Imported from https:\/\/bitbucket.org\/kevindunn\/quest\/issues\/8\/show-solutions-nicer \n\n See","reporter":"557058:75d9630a-689f-4e0e-a6dd-6368bb668f02","created":"2013-01-14T01:13:30.030664+00:00","comments":[{"body":"Done in 8f2caf9","created":"2013-01-16T14:25:20.000669+00:00","author":"557058:75d9630a-689f-4e0e-a6dd-6368bb668f02"}],"summary":"Show solutions nicer","priority":"Medium","externalId":"Quest-8","issueType":"Bug","resolution":"resolved","attachments":[{"attacher":"557058:75d9630a-689f-4e0e-a6dd-6368bb668f02","description":"Screen Shot 2013-01-13 at 20.13.28 .png","name":"Screen Shot 2013-01-13 at 20.13.28 .png","uri":"https:\/\/bitbucket.org\/kevindunn\/quest\/issues\/attachments\/8\/kevindunn\/quest\/1358126010.06\/8\/Screen%20Shot%202013-01-13%20at%2020.13.28%20.png"}]},{"status":"Done","updated":"2013-01-28T13:01:42.857474+00:00","watchers":["557058:75d9630a-689f-4e0e-a6dd-6368bb668f02"],"description":"Imported from https:\/\/bitbucket.org\/kevindunn\/quest\/issues\/36\/dont-log-that-emails-were-sent-when-they \n\n Or write that they were not sent","reporter":"557058:75d9630a-689f-4e0e-a6dd-6368bb668f02","created":"2013-01-21T02:16:54.841468+00:00","comments":[{"body":"Fixed in 23c47ed99e01","created":"2013-01-28T13:01:42.875907+00:00","author":"557058:75d9630a-689f-4e0e-a6dd-6368bb668f02"}],"summary":"Don't log that emails were sent when they were not (debug);","priority":"Medium","externalId":"Quest-36","issueType":"Bug","resolution":"resolved"},{"status":"Backlog","updated":"2013-01-16T13:35:25.151474+00:00","watchers":["557058:75d9630a-689f-4e0e-a6dd-6368bb668f02"],"description":"Imported from https:\/\/bitbucket.org\/kevindunn\/quest\/issues\/20\/allow-students-to-upload-photos-images-as \n\n ","reporter":"557058:75d9630a-689f-4e0e-a6dd-6368bb668f02","created":"2013-01-16T13:35:25.151474+00:00","summary":"Allow students to upload photos\/images as part of submission","priority":"Medium","externalId":"Quest-20","issueType":"Bug"},{"status":"Done","updated":"2013-08-16T02:45:03.526621+00:00","watchers":["557058:75d9630a-689f-4e0e-a6dd-6368bb668f02"],"description":"Imported from https:\/\/bitbucket.org\/kevindunn\/quest\/issues\/18\/fix-admin-signin \n\n ","reporter":"557058:75d9630a-689f-4e0e-a6dd-6368bb668f02","created":"2013-01-15T12:30:23.915831+00:00","comments":[{"body":null,"created":"2013-01-16T15:49:03.540430+00:00","author":"557058:75d9630a-689f-4e0e-a6dd-6368bb668f02"},{"body":"Done","created":"2013-08-16T02:45:03.690675+00:00","author":"557058:75d9630a-689f-4e0e-a6dd-6368bb668f02"}],"summary":"Fix admin signin","priority":"Low","externalId":"Quest-18","issueType":"Bug","resolution":"resolved"},{"status":"Done","updated":"2013-08-24T23:44:46.525229+00:00","watchers":["557058:75d9630a-689f-4e0e-a6dd-6368bb668f02"],"description":"Imported from https:\/\/bitbucket.org\/kevindunn\/quest\/issues\/28\/course-categories \n\n For classifying questions","reporter":"557058:75d9630a-689f-4e0e-a6dd-6368bb668f02","created":"2013-01-19T10:53:42.984576+00:00","comments":[{"body":"Not sure what to do here","created":"2013-08-24T23:44:46.551939+00:00","author":"557058:75d9630a-689f-4e0e-a6dd-6368bb668f02"}],"summary":"Course categories","priority":"Medium","externalId":"Quest-28","issueType":"Story","resolution":"resolved"},{"status":"Done","updated":"2013-08-24T18:58:04.482702+00:00","watchers":["557058:75d9630a-689f-4e0e-a6dd-6368bb668f02"],"description":"Imported from https:\/\/bitbucket.org\/kevindunn\/quest\/issues\/15\/easier-way-to-add-students-and-assign-them \n\n ","reporter":"557058:75d9630a-689f-4e0e-a6dd-6368bb668f02","created":"2013-01-15T12:27:27.986857+00:00","comments":[{"body":"Done. We now upload students via a CSV file.","created":"2013-08-24T18:58:04.508325+00:00","author":"557058:75d9630a-689f-4e0e-a6dd-6368bb668f02"}],"summary":"Easier way to add students and assign them qsets","priority":"Medium","externalId":"Quest-15","issueType":"Bug","resolution":"resolved"},{"status":"Done","updated":"2013-08-25T00:02:51.926107+00:00","watchers":["557058:75d9630a-689f-4e0e-a6dd-6368bb668f02"],"description":"Imported from https:\/\/bitbucket.org\/kevindunn\/quest\/issues\/37\/show-last-logged-in-time \n\n ","reporter":"557058:75d9630a-689f-4e0e-a6dd-6368bb668f02","created":"2013-01-21T21:08:29.179132+00:00","comments":[{"body":null,"created":"2013-01-26T12:22:31.873406+00:00","author":"557058:75d9630a-689f-4e0e-a6dd-6368bb668f02"},{"body":"Not really useful: Django's auth model always updates the minute they currently log in, so it is not useful to use.","created":"2013-08-25T00:02:51.955841+00:00","author":"557058:75d9630a-689f-4e0e-a6dd-6368bb668f02"}],"summary":"Show last logged in time","priority":"Low","externalId":"Quest-37","issueType":"Story","resolution":"resolved"},{"status":"Done","updated":"2013-08-25T00:03:15.424786+00:00","watchers":["557058:75d9630a-689f-4e0e-a6dd-6368bb668f02"],"description":"Imported from https:\/\/bitbucket.org\/kevindunn\/quest\/issues\/38\/show-history \n\n * last logged in event\r\n* email sent events\r\n* etc","reporter":"557058:75d9630a-689f-4e0e-a6dd-6368bb668f02","created":"2013-01-21T21:08:51.141549+00:00","comments":[{"body":"Not required. See log file.","created":"2013-08-25T00:03:15.453120+00:00","author":"557058:75d9630a-689f-4e0e-a6dd-6368bb668f02"}],"summary":"Show history","priority":"Medium","externalId":"Quest-38","issueType":"Bug","resolution":"resolved"},{"status":"Done","updated":"2013-01-28T15:12:34.199328+00:00","watchers":["557058:75d9630a-689f-4e0e-a6dd-6368bb668f02"],"description":"Imported from https:\/\/bitbucket.org\/kevindunn\/quest\/issues\/42\/remove-question-1467-to-1478-on-qactual \n\n ","reporter":"557058:75d9630a-689f-4e0e-a6dd-6368bb668f02","created":"2013-01-22T01:00:28.596427+00:00","comments":[{"body":"Done","created":"2013-01-28T15:12:34.217991+00:00","author":"557058:75d9630a-689f-4e0e-a6dd-6368bb668f02"}],"summary":"Remove question 1467 to 1478 on QActual","priority":"Medium","externalId":"Quest-42","issueType":"Bug","resolution":"resolved"},{"status":"Done","updated":"2013-09-02T02:34:15.593762+00:00","watchers":["557058:75d9630a-689f-4e0e-a6dd-6368bb668f02"],"description":"Imported from https:\/\/bitbucket.org\/kevindunn\/quest\/issues\/74\/remove-double-newlines \n\n when processing templates.\r\n\r\n* it leaves double lines in the source code shown in solutions (looks weird)\r\n* line number references in debug mode get screwed up","reporter":"557058:75d9630a-689f-4e0e-a6dd-6368bb668f02","created":"2013-03-03T23:23:39.882205+00:00","comments":[{"body":null,"created":"2013-03-03T23:24:19.129464+00:00","author":"557058:75d9630a-689f-4e0e-a6dd-6368bb668f02"},{"body":"See #78","created":"2013-08-25T13:06:24.008275+00:00","author":"557058:75d9630a-689f-4e0e-a6dd-6368bb668f02"},{"body":"Done, I think","created":"2013-09-02T02:34:15.615818+00:00","author":"557058:75d9630a-689f-4e0e-a6dd-6368bb668f02"}],"summary":"Remove double newlines","priority":"Medium","externalId":"Quest-74","issueType":"Bug","resolution":"resolved"},{"status":"Done","updated":"2013-08-25T12:58:18.791022+00:00","watchers":["557058:75d9630a-689f-4e0e-a6dd-6368bb668f02"],"description":"Imported from https:\/\/bitbucket.org\/kevindunn\/quest\/issues\/49\/show-multi-solutions-in-the-same-order-as \n\n ","reporter":"557058:75d9630a-689f-4e0e-a6dd-6368bb668f02","created":"2013-01-22T11:51:27.214704+00:00","comments":[{"body":"Not sure what to do here anymore","created":"2013-08-25T12:58:18.814966+00:00","author":"557058:75d9630a-689f-4e0e-a6dd-6368bb668f02"}],"summary":"Show multi solutions in the same order as original question","priority":"Medium","externalId":"Quest-49","issueType":"Bug","resolution":"resolved"},{"status":"Backlog","updated":"2013-01-28T16:15:06.053261+00:00","watchers":["557058:75d9630a-689f-4e0e-a6dd-6368bb668f02"],"description":"Imported from https:\/\/bitbucket.org\/kevindunn\/quest\/issues\/55\/browser-version-issues-reported-by-tyler \n\n ","reporter":"557058:75d9630a-689f-4e0e-a6dd-6368bb668f02","created":"2013-01-28T16:15:06.053261+00:00","summary":"Browser version issues reported by Tyler Homer","priority":"Medium","externalId":"Quest-55","issueType":"Bug"},{"status":"Done","updated":"2013-08-27T15:05:29.369660+00:00","watchers":["557058:75d9630a-689f-4e0e-a6dd-6368bb668f02"],"description":"Imported from https:\/\/bitbucket.org\/kevindunn\/quest\/issues\/56\/proper-email-message \n\n See screenshot for misalignment","reporter":"557058:75d9630a-689f-4e0e-a6dd-6368bb668f02","created":"2013-01-28T16:17:29.280988+00:00","comments":[{"body":"Done","created":"2013-08-27T15:05:29.404602+00:00","author":"557058:75d9630a-689f-4e0e-a6dd-6368bb668f02"}],"summary":"Proper email message","priority":"Medium","externalId":"Quest-56","issueType":"Bug","resolution":"resolved","attachments":[{"attacher":"557058:75d9630a-689f-4e0e-a6dd-6368bb668f02","description":"Screen Shot 2013-01-28 at 11.17.01 .png","name":"Screen Shot 2013-01-28 at 11.17.01 .png","uri":"https:\/\/bitbucket.org\/kevindunn\/quest\/issues\/attachments\/56\/kevindunn\/quest\/1359389849.33\/56\/Screen%20Shot%202013-01-28%20at%2011.17.01%20.png"}]},{"status":"Done","updated":"2013-08-25T19:57:33.326026+00:00","watchers":["557058:75d9630a-689f-4e0e-a6dd-6368bb668f02"],"description":"Imported from https:\/\/bitbucket.org\/kevindunn\/quest\/issues\/57\/fix-time-display-on-final-page \n\n ","reporter":"557058:75d9630a-689f-4e0e-a6dd-6368bb668f02","created":"2013-01-28T16:27:15.674121+00:00","comments":[{"body":"Already done","created":"2013-08-25T19:57:33.361864+00:00","author":"557058:75d9630a-689f-4e0e-a6dd-6368bb668f02"}],"summary":"Fix time display on final page","priority":"Low","externalId":"Quest-57","issueType":"Bug","resolution":"resolved","attachments":[{"attacher":"557058:75d9630a-689f-4e0e-a6dd-6368bb668f02","description":"Screen Shot 2013-01-28 at 11.26.51 .png","name":"Screen Shot 2013-01-28 at 11.26.51 .png","uri":"https:\/\/bitbucket.org\/kevindunn\/quest\/issues\/attachments\/57\/kevindunn\/quest\/1359390435.7\/57\/Screen%20Shot%202013-01-28%20at%2011.26.51%20.png"}]},{"status":"Done","updated":"2013-01-30T01:42:09.012570+00:00","watchers":["557058:75d9630a-689f-4e0e-a6dd-6368bb668f02"],"description":"Imported from https:\/\/bitbucket.org\/kevindunn\/quest\/issues\/54\/why-did-next-and-previous-click-anchors \n\n ","reporter":"557058:75d9630a-689f-4e0e-a6dd-6368bb668f02","created":"2013-01-28T15:58:32.358558+00:00","comments":[{"body":"Because retrieval order of quests got messed up. Fixed now.","created":"2013-01-30T01:42:09.038350+00:00","author":"557058:75d9630a-689f-4e0e-a6dd-6368bb668f02"}],"summary":"Why did Next and Previous click anchors get messed up in week 3?","priority":"Medium","externalId":"Quest-54","issueType":"Bug","resolution":"resolved"},{"status":"Backlog","updated":"2013-02-08T18:37:22.173049+00:00","watchers":["557058:75d9630a-689f-4e0e-a6dd-6368bb668f02"],"description":"Imported from https:\/\/bitbucket.org\/kevindunn\/quest\/issues\/69\/q3-on-weekly-test-4-for-4c3-6c3-for-a_n \n\n Fix the values for students that had a_n = 2","reporter":"557058:75d9630a-689f-4e0e-a6dd-6368bb668f02","created":"2013-02-08T18:37:22.173049+00:00","summary":"Q3 on weekly test 4 for 4C3\/6C3 for a_n has the wrong value","priority":"Medium","externalId":"Quest-69","issueType":"Bug"},{"status":"Backlog","updated":"2013-03-10T22:29:40.116017+00:00","watchers":["557058:75d9630a-689f-4e0e-a6dd-6368bb668f02"],"description":"Imported from https:\/\/bitbucket.org\/kevindunn\/quest\/issues\/77\/dont-create-an-unique-qactual-for \n\n in other words, for questions which are the same for all the students.\r\n\r\nShould reduce database size.","reporter":"557058:75d9630a-689f-4e0e-a6dd-6368bb668f02","created":"2013-03-10T22:29:40.116017+00:00","summary":"Don't create an unique QActual for questions which have no variables","priority":"Medium","externalId":"Quest-77","issueType":"Bug"},{"status":"Done","updated":"2013-08-23T21:27:49.438115+00:00","watchers":["557058:75d9630a-689f-4e0e-a6dd-6368bb668f02"],"description":"Imported from https:\/\/bitbucket.org\/kevindunn\/quest\/issues\/65\/source-code \n\n Accepts ``var_dict`` as a named dictionary.\r\nReturns ``named_dict`` which includes other variables that have just been created","reporter":"557058:75d9630a-689f-4e0e-a6dd-6368bb668f02","created":"2013-02-03T22:32:55.346621+00:00","comments":[{"body":"Not sure what to do with this","created":"2013-08-23T21:27:49.459358+00:00","author":"557058:75d9630a-689f-4e0e-a6dd-6368bb668f02"}],"summary":"Source code","priority":"Medium","externalId":"Quest-65","issueType":"Bug","resolution":"resolved"},{"status":"Backlog","updated":"2013-08-25T13:03:15.162346+00:00","watchers":["557058:75d9630a-689f-4e0e-a6dd-6368bb668f02"],"description":"Imported from https:\/\/bitbucket.org\/kevindunn\/quest\/issues\/67\/summary-of-students-not-writing-tests \n\n ","reporter":"557058:75d9630a-689f-4e0e-a6dd-6368bb668f02","created":"2013-02-05T03:47:46.179554+00:00","comments":[{"body":"See #52 also\n","created":"2013-08-25T13:03:15.148394+00:00","author":"557058:75d9630a-689f-4e0e-a6dd-6368bb668f02"}],"summary":"Summary: of students not writing tests","priority":"Medium","externalId":"Quest-67","issueType":"Bug"},{"status":"Done","updated":"2013-02-10T00:05:40.878710+00:00","watchers":["557058:75d9630a-689f-4e0e-a6dd-6368bb668f02"],"description":"Imported from https:\/\/bitbucket.org\/kevindunn\/quest\/issues\/70\/admin-interface-to-test-new-question \n\n Can reload it multiple times to see the question rendered with its solution to stress test the question for all possible combinations.","reporter":"557058:75d9630a-689f-4e0e-a6dd-6368bb668f02","created":"2013-02-08T20:55:13.183197+00:00","comments":[{"body":"Done","created":"2013-02-10T00:05:40.902218+00:00","author":"557058:75d9630a-689f-4e0e-a6dd-6368bb668f02"}],"summary":"Admin interface to test new question","priority":"Medium","externalId":"Quest-70","issueType":"Bug","resolution":"resolved"},{"status":"Done","updated":"2013-08-23T20:57:34.331483+00:00","watchers":["557058:75d9630a-689f-4e0e-a6dd-6368bb668f02"],"description":"Imported from https:\/\/bitbucket.org\/kevindunn\/quest\/issues\/64\/faster-emails-sent-out \n\n ","reporter":"557058:75d9630a-689f-4e0e-a6dd-6368bb668f02","created":"2013-02-02T18:52:44.860303+00:00","comments":[{"body":"Not going to resolve yet. I can't switch to Gmail or to McMaster due to the heavy email load that might be incurred.","created":"2013-08-23T20:57:34.371679+00:00","author":"557058:75d9630a-689f-4e0e-a6dd-6368bb668f02"}],"summary":"Faster emails sent out","priority":"Medium","externalId":"Quest-64","issueType":"Bug","resolution":"resolved"},{"status":"Backlog","updated":"2013-02-22T19:14:16.443810+00:00","watchers":["557058:75d9630a-689f-4e0e-a6dd-6368bb668f02"],"description":"Imported from https:\/\/bitbucket.org\/kevindunn\/quest\/issues\/71\/audio-feedback \n\n Allow instructor to audio-ly grade the question and that can be played by the student.","reporter":"557058:75d9630a-689f-4e0e-a6dd-6368bb668f02","created":"2013-02-22T19:14:16.443810+00:00","summary":"Audio feedback","priority":"Medium","externalId":"Quest-71","issueType":"Story"},{"status":"Done","updated":"2013-08-29T00:20:40.037963+00:00","watchers":["557058:75d9630a-689f-4e0e-a6dd-6368bb668f02"],"description":"Imported from https:\/\/bitbucket.org\/kevindunn\/quest\/issues\/82\/major-if-i-use-an-old-token-does-it-show \n\n ","reporter":"557058:75d9630a-689f-4e0e-a6dd-6368bb668f02","created":"2013-03-16T18:30:07.524391+00:00","comments":[{"body":"Related: we must be able to view solutions to prior tests, while not showing them for the current test. See #34 also.","created":"2013-08-27T22:33:29.572235+00:00","author":"557058:75d9630a-689f-4e0e-a6dd-6368bb668f02"},{"body":"Nope. Moved to using times, rather than tokens. Tokens are for authentication only.","created":"2013-08-29T00:20:40.158048+00:00","author":"557058:75d9630a-689f-4e0e-a6dd-6368bb668f02"}],"summary":"MAJOR: if I use an old token, does it show me the solutions to a new test?","priority":"Medium","externalId":"Quest-82","issueType":"Bug","resolution":"resolved"},{"status":"Backlog","updated":"2013-03-15T21:15:14.743649+00:00","watchers":["557058:75d9630a-689f-4e0e-a6dd-6368bb668f02"],"description":"Imported from https:\/\/bitbucket.org\/kevindunn\/quest\/issues\/75\/in-preview-mode \n\n * Show where the problems occur in the source code. See iPython, \"cpaste\" function output when there are bugs.\r\n\r\n* Allow person to fill in answers and simulate what the grade would have been awarded.","reporter":"557058:75d9630a-689f-4e0e-a6dd-6368bb668f02","created":"2013-03-03T23:24:53.144247+00:00","comments":[{"body":null,"created":"2013-03-15T21:15:14.783285+00:00","author":"557058:75d9630a-689f-4e0e-a6dd-6368bb668f02"}],"summary":"In preview mode","priority":"Medium","externalId":"Quest-75","issueType":"Bug"},{"status":"Done","updated":"2013-08-25T13:07:02.883019+00:00","watchers":["557058:75d9630a-689f-4e0e-a6dd-6368bb668f02"],"description":"Imported from https:\/\/bitbucket.org\/kevindunn\/quest\/issues\/79\/deregister-a-student-from-the-course \n\n * Is an email still sent to them (e.g. they deregister midway)\r\n* They should still be able to sign in and check their existing quests\r\n* They should not be added to new quests (i.e. QActuals not generated for them)\r\n","reporter":"557058:75d9630a-689f-4e0e-a6dd-6368bb668f02","created":"2013-03-11T22:49:06.151149+00:00","comments":[{"body":"Moved them to a blank course","created":"2013-08-25T13:07:02.921133+00:00","author":"557058:75d9630a-689f-4e0e-a6dd-6368bb668f02"}],"summary":"Deregister a student from the course","priority":"Medium","externalId":"Quest-79","issueType":"Bug","resolution":"resolved"},{"status":"Backlog","updated":"2014-01-02T20:01:47.437901+00:00","watchers":["557058:75d9630a-689f-4e0e-a6dd-6368bb668f02"],"description":"Imported from https:\/\/bitbucket.org\/kevindunn\/quest\/issues\/111\/case-sensitivity-denoted \n\n For \"short\" answer questions, allow instructor to specify if the solution is case sensitive (for text answers), or not.\r\n\r\nThis prevents instructors having to set permutations for all sorts of case-insensitive answers.","reporter":"557058:75d9630a-689f-4e0e-a6dd-6368bb668f02","created":"2014-01-02T20:01:47.437901+00:00","summary":"Case sensitivity denoted","priority":"Medium","externalId":"Quest-111","issueType":"Bug"},{"status":"Backlog","updated":"2013-04-23T13:23:08.912361+00:00","watchers":["557058:75d9630a-689f-4e0e-a6dd-6368bb668f02"],"description":"Imported from https:\/\/bitbucket.org\/kevindunn\/quest\/issues\/84\/significant-figures \n\n Have clarity on what is deemed to few or too many sig figs, and what level of tolerance you will accept.","reporter":"557058:75d9630a-689f-4e0e-a6dd-6368bb668f02","created":"2013-04-23T13:23:08.912361+00:00","summary":"Significant figures","priority":"Medium","externalId":"Quest-84","issueType":"Bug"},{"status":"Backlog","updated":"2012-12-29T16:49:36.162801+00:00","watchers":["557058:75d9630a-689f-4e0e-a6dd-6368bb668f02"],"description":"Imported from https:\/\/bitbucket.org\/kevindunn\/quest\/issues\/1\/export-questions-and-answers-to-pdf \n\n After the time limit, students can export the questions to PDF.","reporter":"557058:75d9630a-689f-4e0e-a6dd-6368bb668f02","created":"2012-12-29T16:49:36.162801+00:00","summary":"Export questions (and answers) to PDF","priority":"Medium","assignee":"557058:75d9630a-689f-4e0e-a6dd-6368bb668f02","externalId":"Quest-1","issueType":"Story"},{"status":"Backlog","updated":"2012-12-29T18:34:29.446791+00:00","watchers":["557058:75d9630a-689f-4e0e-a6dd-6368bb668f02"],"description":"Imported from https:\/\/bitbucket.org\/kevindunn\/quest\/issues\/2\/enable-feedback \n\n If ``enable_feedback`` is True, then show and handle the student feedback.","reporter":"557058:75d9630a-689f-4e0e-a6dd-6368bb668f02","created":"2012-12-29T18:34:29.446791+00:00","summary":"Enable feedback","priority":"Medium","assignee":"557058:75d9630a-689f-4e0e-a6dd-6368bb668f02","externalId":"Quest-2","issueType":"Story"},{"status":"Backlog","updated":"2013-12-31T23:43:09.387599+00:00","watchers":["557058:75d9630a-689f-4e0e-a6dd-6368bb668f02"],"description":"Imported from https:\/\/bitbucket.org\/kevindunn\/quest\/issues\/110\/no-solution-displayed \n\n Have an option so that the solution is not displayed after the cut-off time.","reporter":"557058:75d9630a-689f-4e0e-a6dd-6368bb668f02","created":"2013-12-31T23:43:09.387599+00:00","summary":"No solution displayed","priority":"Medium","externalId":"Quest-110","issueType":"Bug"},{"status":"Backlog","updated":"2014-01-07T14:37:42.946021+00:00","watchers":["557058:75d9630a-689f-4e0e-a6dd-6368bb668f02"],"description":"Imported from https:\/\/bitbucket.org\/kevindunn\/quest\/issues\/114\/saved-fade-in-out-like-google-does-in \n\n \"saving\" -> \"saved\"","reporter":"557058:75d9630a-689f-4e0e-a6dd-6368bb668f02","created":"2014-01-07T14:37:42.946021+00:00","summary":"\"Saved\" fade in\/out like Google does in gmail.","priority":"Medium","externalId":"Quest-114","issueType":"Bug"},{"status":"Backlog","updated":"2014-01-04T02:11:40.370497+00:00","watchers":["557058:75d9630a-689f-4e0e-a6dd-6368bb668f02"],"description":"Imported from https:\/\/bitbucket.org\/kevindunn\/quest\/issues\/113\/for-mcq-option-to-avoid-rearranging \n\n should be available in the template script","reporter":"557058:75d9630a-689f-4e0e-a6dd-6368bb668f02","created":"2014-01-04T02:11:40.370497+00:00","summary":"For MCQ: option to avoid rearranging choices","priority":"Medium","externalId":"Quest-113","issueType":"Bug"},{"status":"Backlog","updated":"2014-01-03T16:14:46.294911+00:00","watchers":["557058:75d9630a-689f-4e0e-a6dd-6368bb668f02"],"description":"Imported from https:\/\/bitbucket.org\/kevindunn\/quest\/issues\/112\/image-resizing \n\n If image resizing is required, then apply it, else leave it to be small (else large images get blown up)","reporter":"557058:75d9630a-689f-4e0e-a6dd-6368bb668f02","created":"2014-01-03T16:14:46.294911+00:00","summary":"Image resizing","priority":"Medium","externalId":"Quest-112","issueType":"Bug"},{"status":"Backlog","updated":"2013-04-24T16:11:40.091549+00:00","watchers":["557058:75d9630a-689f-4e0e-a6dd-6368bb668f02"],"description":"Imported from https:\/\/bitbucket.org\/kevindunn\/quest\/issues\/87\/do-not-allow-precision-of-0-in-quick_eval \n\n e.g. you might be tempted to specify an integer as\r\n\r\n [\"[{% quick_eval \\\"0.001035003*N\\\" 0 %},1E-6,'rel']\"]\r\n\r\nbut the correct rounding for an integer is\r\n\r\n [\"[{% quick_eval \\\"0.001035003*N\\\" 1 %},1E-6,'rel']\"]","reporter":"557058:75d9630a-689f-4e0e-a6dd-6368bb668f02","created":"2013-04-24T16:11:40.091549+00:00","summary":"Do not allow precision of \"0\" in quick_eval","priority":"Medium","externalId":"Quest-87","issueType":"Bug"},{"status":"Done","updated":"2013-08-25T00:05:23.899637+00:00","watchers":["557058:75d9630a-689f-4e0e-a6dd-6368bb668f02"],"description":"Imported from https:\/\/bitbucket.org\/kevindunn\/quest\/issues\/45\/move-600-level-students-over-from-400 \n\n ","reporter":"557058:75d9630a-689f-4e0e-a6dd-6368bb668f02","created":"2013-01-22T01:43:06.119330+00:00","comments":[{"body":"Done - long ago.","created":"2013-08-25T00:05:23.928393+00:00","author":"557058:75d9630a-689f-4e0e-a6dd-6368bb668f02"}],"summary":"Move 600 level students over from 400 level","priority":"Medium","externalId":"Quest-45","issueType":"Bug","resolution":"resolved"},{"status":"Backlog","updated":"2013-03-11T01:22:38.145042+00:00","watchers":["557058:75d9630a-689f-4e0e-a6dd-6368bb668f02"],"description":"Imported from https:\/\/bitbucket.org\/kevindunn\/quest\/issues\/27\/logging-all-statistics-possble \n\n * Intermediate grading of the question (e.g. right first time, correct then changed to wrong, or wrong then changed to right)\r\n\r\n* fastest times and the highest correct (product of these two)\r\n\r\n","reporter":"557058:75d9630a-689f-4e0e-a6dd-6368bb668f02","created":"2013-01-17T18:57:06.482330+00:00","comments":[{"body":null,"created":"2013-03-11T01:22:38.190854+00:00","author":"557058:75d9630a-689f-4e0e-a6dd-6368bb668f02"},{"body":null,"created":"2013-01-29T00:12:19.184722+00:00","author":"557058:75d9630a-689f-4e0e-a6dd-6368bb668f02"}],"summary":"Logging all statistics possble","priority":"Medium","externalId":"Quest-27","issueType":"Bug"},{"status":"Backlog","updated":"2014-01-17T21:59:12.176338+00:00","watchers":["557058:75d9630a-689f-4e0e-a6dd-6368bb668f02"],"description":"Imported from https:\/\/bitbucket.org\/kevindunn\/quest\/issues\/116\/fix-this-grading-bug \n\n ","reporter":"557058:75d9630a-689f-4e0e-a6dd-6368bb668f02","created":"2014-01-17T21:59:12.176338+00:00","summary":"Fix this grading bug","priority":"Medium","externalId":"Quest-116","issueType":"Bug","attachments":[{"attacher":"557058:75d9630a-689f-4e0e-a6dd-6368bb668f02","description":"Screen Shot 2014-01-17 at 16.58.38 .png","name":"Screen Shot 2014-01-17 at 16.58.38 .png","uri":"https:\/\/bitbucket.org\/kevindunn\/quest\/issues\/attachments\/116\/kevindunn\/quest\/1389995952.19\/116\/Screen%20Shot%202014-01-17%20at%2016.58.38%20.png"}]},{"status":"Backlog","updated":"2013-11-20T02:45:57.559750+00:00","watchers":["557058:75d9630a-689f-4e0e-a6dd-6368bb668f02"],"description":"Imported from https:\/\/bitbucket.org\/kevindunn\/quest\/issues\/108\/print-class-lists \n\n For a given course, show who is registered.","reporter":"557058:75d9630a-689f-4e0e-a6dd-6368bb668f02","created":"2013-11-20T02:45:57.559750+00:00","summary":"Print class lists","priority":"Medium","externalId":"Quest-108","issueType":"Bug"},{"status":"Backlog","updated":"2013-11-19T21:34:00.501691+00:00","watchers":["557058:75d9630a-689f-4e0e-a6dd-6368bb668f02"],"description":"Imported from https:\/\/bitbucket.org\/kevindunn\/quest\/issues\/105\/auto-resize-images \n\n Images that are too wide must get resized.\r\n","reporter":"557058:75d9630a-689f-4e0e-a6dd-6368bb668f02","created":"2013-11-19T21:34:00.501691+00:00","summary":"Auto resize images","priority":"Medium","externalId":"Quest-105","issueType":"Bug"},{"status":"Done","updated":"2013-08-13T21:44:26.369874+00:00","watchers":["557058:75d9630a-689f-4e0e-a6dd-6368bb668f02"],"description":"Imported from https:\/\/bitbucket.org\/kevindunn\/quest\/issues\/94\/full-fingerprint-of-browser \n\n ","reporter":"557058:75d9630a-689f-4e0e-a6dd-6368bb668f02","created":"2013-04-28T01:49:15.412832+00:00","comments":[{"body":"Done","created":"2013-08-13T21:44:26.398601+00:00","author":"557058:75d9630a-689f-4e0e-a6dd-6368bb668f02"}],"summary":"Full fingerprint of browser","priority":"Medium","externalId":"Quest-94","issueType":"Bug","resolution":"resolved"},{"status":"Done","updated":"2013-08-27T02:43:08.160887+00:00","watchers":["557058:75d9630a-689f-4e0e-a6dd-6368bb668f02"],"description":"Imported from https:\/\/bitbucket.org\/kevindunn\/quest\/issues\/33\/pre-page-before-starting-test \n\n * shows announcement\r\n* honest checkbox\r\n* You have NNN minutes left once you start the test  [[BEGIN]] button","reporter":"557058:75d9630a-689f-4e0e-a6dd-6368bb668f02","created":"2013-01-20T23:43:25.305567+00:00","comments":[{"body":null,"created":"2013-08-24T23:59:31.053995+00:00","author":"557058:75d9630a-689f-4e0e-a6dd-6368bb668f02"},{"body":"Fixed in 2b28638de816","created":"2013-08-27T02:43:08.184666+00:00","author":"557058:75d9630a-689f-4e0e-a6dd-6368bb668f02"}],"summary":"Pre-page before starting test","priority":"High","externalId":"Quest-33","issueType":"Bug","resolution":"resolved"},{"status":"Done","updated":"2013-08-23T21:44:42.333665+00:00","watchers":["557058:75d9630a-689f-4e0e-a6dd-6368bb668f02"],"description":"Imported from https:\/\/bitbucket.org\/kevindunn\/quest\/issues\/60\/do-not-send-student-an-email-if \n\n Student still in database, but deregistered.\r\n\r\nActually, if deregistered, then they may sign in and do everything, except write a test (which they may have been inadvertently added to)","reporter":"557058:75d9630a-689f-4e0e-a6dd-6368bb668f02","created":"2013-01-29T00:14:50.663241+00:00","comments":[{"body":"Done in fb31c43219bf","created":"2013-08-23T21:44:42.365982+00:00","author":"557058:75d9630a-689f-4e0e-a6dd-6368bb668f02"}],"summary":"Do not send student an email if deregistered","priority":"Medium","externalId":"Quest-60","issueType":"Bug","resolution":"resolved"},{"status":"Backlog","updated":"2013-08-23T21:52:02.745270+00:00","watchers":["557058:75d9630a-689f-4e0e-a6dd-6368bb668f02"],"description":"Imported from https:\/\/bitbucket.org\/kevindunn\/quest\/issues\/96\/move-all-4c3-2012-and-6c3-2012-to-the \n\n To prevent logging in and transfer of questions (though they might have done it already)\r\n","reporter":"557058:75d9630a-689f-4e0e-a6dd-6368bb668f02","created":"2013-08-23T21:52:02.745270+00:00","summary":"Move all 4C3 (2012) and 6C3 (2012) to the blank course","priority":"Medium","externalId":"Quest-96","issueType":"Bug"},{"status":"Backlog","updated":"2013-08-24T23:58:59.085648+00:00","watchers":["557058:75d9630a-689f-4e0e-a6dd-6368bb668f02"],"description":"Imported from https:\/\/bitbucket.org\/kevindunn\/quest\/issues\/30\/show-time-started-and-show-time-remaining \n\n on the right hand side","reporter":"557058:75d9630a-689f-4e0e-a6dd-6368bb668f02","created":"2013-01-20T23:38:04.838441+00:00","comments":[{"body":null,"created":"2013-08-24T23:58:59.121930+00:00","author":"557058:75d9630a-689f-4e0e-a6dd-6368bb668f02"}],"summary":"Show time started, and show time remaining","priority":"Medium","externalId":"Quest-30","issueType":"Bug"},{"status":"Done","updated":"2013-08-25T00:00:42.105832+00:00","watchers":["557058:75d9630a-689f-4e0e-a6dd-6368bb668f02"],"description":"Imported from https:\/\/bitbucket.org\/kevindunn\/quest\/issues\/35\/400-vs-600-level-students-clear \n\n ","reporter":"557058:75d9630a-689f-4e0e-a6dd-6368bb668f02","created":"2013-01-21T02:07:29.243958+00:00","comments":[{"body":"Done. They are two separate courses","created":"2013-08-25T00:00:42.129133+00:00","author":"557058:75d9630a-689f-4e0e-a6dd-6368bb668f02"}],"summary":"400 vs 600 level students clear","priority":"Medium","externalId":"Quest-35","issueType":"Bug","resolution":"resolved"},{"status":"Done","updated":"2013-08-25T13:00:31.034760+00:00","watchers":["557058:75d9630a-689f-4e0e-a6dd-6368bb668f02"],"description":"Imported from https:\/\/bitbucket.org\/kevindunn\/quest\/issues\/53\/comment-out-wing-debug \n\n I use this one in my Django settings for every project\r\n  DEBUG = bool(int(os.environ.get('DJANGO_DEBUG', 0)))\r\nand all my working environment define DJANGO_DEBUG=1.  This means things\r\nlike runserver\/shell (any management command) runs in debug mode, but\r\nproduction runs automatically default to DEBUG=False\r\n\r\nFor wingdbstub, you can something like this:\r\n\r\nif os.environ[\"WING_DEBUG\"]\r\n  import wingdbstub\r\nendif","reporter":"557058:75d9630a-689f-4e0e-a6dd-6368bb668f02","created":"2013-01-26T00:23:29.157143+00:00","comments":[{"body":"Good to know.","created":"2013-08-25T13:00:31.136009+00:00","author":"557058:75d9630a-689f-4e0e-a6dd-6368bb668f02"}],"summary":"Comment out WING DEBUG","priority":"Medium","externalId":"Quest-53","issueType":"Bug","resolution":"resolved"},{"status":"Backlog","updated":"2013-08-25T12:59:16.216509+00:00","watchers":["557058:75d9630a-689f-4e0e-a6dd-6368bb668f02"],"description":"Imported from https:\/\/bitbucket.org\/kevindunn\/quest\/issues\/52\/daily-summary-of-statistics-for-each \n\n ","reporter":"557058:75d9630a-689f-4e0e-a6dd-6368bb668f02","created":"2013-01-23T21:00:29.504782+00:00","comments":[{"body":null,"created":"2013-08-25T12:59:16.250275+00:00","author":"557058:75d9630a-689f-4e0e-a6dd-6368bb668f02"}],"summary":"Daily summary of statistics for each course emailed","priority":"Medium","externalId":"Quest-52","issueType":"Story"},{"status":"Done","updated":"2013-08-25T13:04:08.479689+00:00","watchers":["557058:75d9630a-689f-4e0e-a6dd-6368bb668f02"],"description":"Imported from https:\/\/bitbucket.org\/kevindunn\/quest\/issues\/72\/boxes-for-short-answers-greyed-on-when-in \n\n Change CSS styling","reporter":"557058:75d9630a-689f-4e0e-a6dd-6368bb668f02","created":"2013-02-24T18:59:54.249469+00:00","comments":[{"body":"Done. Added red text.","created":"2013-08-25T13:04:02.855681+00:00","author":"557058:75d9630a-689f-4e0e-a6dd-6368bb668f02"},{"body":null,"created":"2013-08-25T13:04:08.516822+00:00","author":"557058:75d9630a-689f-4e0e-a6dd-6368bb668f02"}],"summary":"Boxes for short answers greyed on when in answer viewing mode","priority":"Medium","externalId":"Quest-72","issueType":"Bug","resolution":"resolved"},{"status":"Done","updated":"2013-08-25T19:38:59.856447+00:00","watchers":["557058:75d9630a-689f-4e0e-a6dd-6368bb668f02"],"description":"Imported from https:\/\/bitbucket.org\/kevindunn\/quest\/issues\/43\/qactual-repr-include-id-user-qset-slug \n\n ","reporter":"557058:75d9630a-689f-4e0e-a6dd-6368bb668f02","created":"2013-01-22T01:01:03.115562+00:00","comments":[{"body":"Fixed in aaca78c8d17f","created":"2013-08-25T19:38:59.889327+00:00","author":"557058:75d9630a-689f-4e0e-a6dd-6368bb668f02"}],"summary":"QActual repr: include ID, User, QSet slug, Course code and first few chars of qname","priority":"Medium","externalId":"Quest-43","issueType":"Bug","resolution":"resolved"},{"status":"Backlog","updated":"2013-08-26T19:33:35.461827+00:00","watchers":["557058:75d9630a-689f-4e0e-a6dd-6368bb668f02"],"description":"Imported from https:\/\/bitbucket.org\/kevindunn\/quest\/issues\/97\/reslugify-all-the-qset-objects-they-need \n\n ","reporter":"557058:75d9630a-689f-4e0e-a6dd-6368bb668f02","created":"2013-08-26T19:33:35.461827+00:00","summary":"Reslugify all the QSet objects (they need to be unique)","priority":"Medium","externalId":"Quest-97","issueType":"Bug"},{"status":"Done","updated":"2013-08-27T02:44:24.033438+00:00","watchers":["557058:75d9630a-689f-4e0e-a6dd-6368bb668f02"],"description":"Imported from https:\/\/bitbucket.org\/kevindunn\/quest\/issues\/41\/on-summary-page-after-test-is-completed \n\n * list checked options \r\n* give text of short answers filled in\r\n* snippet (start ... end) of textarea\r\n* etc\r\n\r\nso user can be certain they have been recorded correctly.","reporter":"557058:75d9630a-689f-4e0e-a6dd-6368bb668f02","created":"2013-01-21T21:12:46.055895+00:00","comments":[{"body":null,"created":"2013-01-27T21:39:38.026914+00:00","author":"557058:75d9630a-689f-4e0e-a6dd-6368bb668f02"},{"body":"Unable to display answers (only have codes; not text access). But it is still clear what has been recorded. \n\nFixed in 2b28638de816","created":"2013-08-27T02:44:24.059426+00:00","author":"557058:75d9630a-689f-4e0e-a6dd-6368bb668f02"}],"summary":"On summary page, after test is completed","priority":"Medium","externalId":"Quest-41","issueType":"Bug","resolution":"resolved"},{"status":"Done","updated":"2013-08-29T00:19:15.820116+00:00","watchers":["557058:75d9630a-689f-4e0e-a6dd-6368bb668f02"],"description":"Imported from https:\/\/bitbucket.org\/kevindunn\/quest\/issues\/100\/still-accepts-answers-after-clock-reaches \n\n The AJAX validation check should not rely on the `disabled` nature of the input.\r\n\r\nIt should validate whether the TimingObject is still valid.","reporter":"557058:75d9630a-689f-4e0e-a6dd-6368bb668f02","created":"2013-08-28T03:48:21.928479+00:00","comments":[{"body":"Fixed: #a4668ea90125","created":"2013-08-29T00:19:15.850526+00:00","author":"557058:75d9630a-689f-4e0e-a6dd-6368bb668f02"}],"summary":"Still accepts answers after clock reaches zero","priority":"Medium","externalId":"Quest-100","issueType":"Bug","resolution":"resolved"},{"status":"Done","updated":"2013-08-29T03:46:23.284456+00:00","watchers":["557058:75d9630a-689f-4e0e-a6dd-6368bb668f02"],"description":"Imported from https:\/\/bitbucket.org\/kevindunn\/quest\/issues\/12\/confirmation-email-after-successful-test \n\n with token code, time and time available to log in","reporter":"557058:75d9630a-689f-4e0e-a6dd-6368bb668f02","created":"2013-01-15T03:05:20.905610+00:00","comments":[{"body":"Done in c17b843d9706","created":"2013-08-29T03:46:23.313485+00:00","author":"557058:75d9630a-689f-4e0e-a6dd-6368bb668f02"}],"summary":"Confirmation email after successful test submission.","priority":"Medium","externalId":"Quest-12","issueType":"Bug","resolution":"resolved"},{"status":"Backlog","updated":"2013-09-05T21:38:05.046775+00:00","watchers":["557058:75d9630a-689f-4e0e-a6dd-6368bb668f02"],"description":"Imported from https:\/\/bitbucket.org\/kevindunn\/quest\/issues\/102\/peer-evaluation \n\n * Alignment of numbers with radio buttons\r\n* Hyperlink to \"constructive criticism\"\r\n* Why is feedback showing when explicitly not asked for?\r\n* How are the clicks being recorded for all the boxes?","reporter":"557058:75d9630a-689f-4e0e-a6dd-6368bb668f02","created":"2013-09-05T21:37:53.508671+00:00","comments":[{"body":null,"created":"2013-09-05T21:38:05.073289+00:00","author":"557058:75d9630a-689f-4e0e-a6dd-6368bb668f02"}],"summary":"Peer-evaluation","priority":"Medium","externalId":"Quest-102","issueType":"Bug"},{"status":"Backlog","updated":"2013-09-16T03:35:42.585097+00:00","watchers":["557058:75d9630a-689f-4e0e-a6dd-6368bb668f02"],"description":"Imported from https:\/\/bitbucket.org\/kevindunn\/quest\/issues\/103\/test-multi-choice \n\n In a multi choice question, ensure that if all checkboxes are deselected, that ``quest.given_answer`` goes back to being empty","reporter":"557058:75d9630a-689f-4e0e-a6dd-6368bb668f02","created":"2013-09-16T03:35:42.585097+00:00","summary":"Test: multi-choice","priority":"Medium","externalId":"Quest-103","issueType":"Bug"},{"status":"Backlog","updated":"2013-09-16T17:54:04.787071+00:00","watchers":["557058:75d9630a-689f-4e0e-a6dd-6368bb668f02"],"description":"Imported from https:\/\/bitbucket.org\/kevindunn\/quest\/issues\/104\/admin-improvement-show-seconds \n\n http:\/\/stackoverflow.com\/questions\/7216764\/in-the-django-admin-site-how-do-i-change-the-display-format-of-time-fields","reporter":"557058:75d9630a-689f-4e0e-a6dd-6368bb668f02","created":"2013-09-16T17:54:04.787071+00:00","summary":"Admin improvement: show seconds","priority":"Medium","externalId":"Quest-104","issueType":"Bug"},{"status":"Done","updated":"2013-08-25T12:57:51.015714+00:00","watchers":["557058:75d9630a-689f-4e0e-a6dd-6368bb668f02"],"description":"Imported from https:\/\/bitbucket.org\/kevindunn\/quest\/issues\/48\/user-useragent-library \n\n https:\/\/github.com\/shon\/httpagentparser\r\n\r\n","reporter":"557058:75d9630a-689f-4e0e-a6dd-6368bb668f02","created":"2013-01-22T03:13:38.929260+00:00","comments":[{"body":"Not going to add it. Can be used for off-line data analysis though","created":"2013-08-25T12:57:51.039846+00:00","author":"557058:75d9630a-689f-4e0e-a6dd-6368bb668f02"}],"summary":"User UserAgent library","priority":"Medium","externalId":"Quest-48","issueType":"Bug","resolution":"resolved"},{"status":"Backlog","updated":"2013-01-16T13:36:08.518230+00:00","watchers":["557058:75d9630a-689f-4e0e-a6dd-6368bb668f02"],"description":"Imported from https:\/\/bitbucket.org\/kevindunn\/quest\/issues\/22\/call-r-and-python-code-functions-to \n\n ","reporter":"557058:75d9630a-689f-4e0e-a6dd-6368bb668f02","created":"2013-01-16T13:36:08.518230+00:00","summary":"Call R and Python code functions to question and solution and grading","priority":"Medium","externalId":"Quest-22","issueType":"Bug"},{"status":"Done","updated":"2013-01-27T21:28:42.204470+00:00","watchers":["557058:75d9630a-689f-4e0e-a6dd-6368bb668f02"],"description":"Imported from https:\/\/bitbucket.org\/kevindunn\/quest\/issues\/51\/side-bar-of-question-lists \n\n ","reporter":"557058:75d9630a-689f-4e0e-a6dd-6368bb668f02","created":"2013-01-23T15:53:22.980683+00:00","comments":[{"body":"Fixed in 21c6a84afa58","created":"2013-01-27T21:28:42.226993+00:00","author":"557058:75d9630a-689f-4e0e-a6dd-6368bb668f02"}],"summary":"Side bar of question lists","priority":"Medium","externalId":"Quest-51","issueType":"Bug","resolution":"resolved"},{"status":"Done","updated":"2013-01-16T12:49:44.454182+00:00","watchers":["557058:75d9630a-689f-4e0e-a6dd-6368bb668f02"],"description":"Imported from https:\/\/bitbucket.org\/kevindunn\/quest\/issues\/3\/email-addresses \n\n Don't constrain to a single institution. Sometimes students want to register an alternative email address and use that instead.","reporter":"557058:75d9630a-689f-4e0e-a6dd-6368bb668f02","created":"2013-01-09T19:51:24.742523+00:00","comments":[{"body":"Can handle other email addresses.","created":"2013-01-16T12:49:44.472859+00:00","author":"557058:75d9630a-689f-4e0e-a6dd-6368bb668f02"}],"summary":"Email addresses","priority":"Medium","assignee":"557058:75d9630a-689f-4e0e-a6dd-6368bb668f02","externalId":"Quest-3","issueType":"Bug","resolution":"resolved"},{"status":"Done","updated":"2013-01-16T15:47:46.039680+00:00","watchers":["557058:75d9630a-689f-4e0e-a6dd-6368bb668f02"],"description":"Imported from https:\/\/bitbucket.org\/kevindunn\/quest\/issues\/24\/math-is-getting-messed-up-now-with \n\n ","reporter":"557058:75d9630a-689f-4e0e-a6dd-6368bb668f02","created":"2013-01-16T15:15:24.618923+00:00","comments":[{"body":"Done in d5742fde550a","created":"2013-01-16T15:47:46.062472+00:00","author":"557058:75d9630a-689f-4e0e-a6dd-6368bb668f02"}],"summary":"Math is getting messed up now with Markdown \\( \\) is not robust somewhere in the Markdown engine","priority":"Medium","externalId":"Quest-24","issueType":"Bug","resolution":"resolved"},{"status":"Done","updated":"2013-01-16T14:24:32.760338+00:00","watchers":["557058:75d9630a-689f-4e0e-a6dd-6368bb668f02"],"description":"Imported from https:\/\/bitbucket.org\/kevindunn\/quest\/issues\/17\/better-styling-for-solution-display \n\n ","reporter":"557058:75d9630a-689f-4e0e-a6dd-6368bb668f02","created":"2013-01-15T12:29:05.984604+00:00","comments":[{"body":"Done","created":"2013-01-16T14:24:32.786672+00:00","author":"557058:75d9630a-689f-4e0e-a6dd-6368bb668f02"}],"summary":"Better styling for solution display","priority":"Medium","externalId":"Quest-17","issueType":"Bug","resolution":"resolved"},{"status":"Done","updated":"2013-08-16T03:05:43.605717+00:00","watchers":["557058:75d9630a-689f-4e0e-a6dd-6368bb668f02"],"description":"Imported from https:\/\/bitbucket.org\/kevindunn\/quest\/issues\/29\/md5-hash-of-the-total-question-template \n\n So if the question has changed, we know it is a new one.","reporter":"557058:75d9630a-689f-4e0e-a6dd-6368bb668f02","created":"2013-01-20T22:22:00.611932+00:00","comments":[{"body":"?","created":"2013-08-16T03:05:43.627783+00:00","author":"557058:75d9630a-689f-4e0e-a6dd-6368bb668f02"}],"summary":"md5 hash of the total question template","priority":"Medium","externalId":"Quest-29","issueType":"Bug","resolution":"resolved"},{"status":"Done","updated":"2013-08-15T20:49:14.808148+00:00","watchers":["557058:75d9630a-689f-4e0e-a6dd-6368bb668f02"],"description":"Imported from https:\/\/bitbucket.org\/kevindunn\/quest\/issues\/90\/dev-server-must-use-postgres \n\n Some bugs are due to DB differences. Postgres seems the most particular.","reporter":"557058:75d9630a-689f-4e0e-a6dd-6368bb668f02","created":"2013-04-24T17:26:37.002588+00:00","comments":[{"body":"Done","created":"2013-08-15T20:49:14.832992+00:00","author":"557058:75d9630a-689f-4e0e-a6dd-6368bb668f02"}],"summary":"Dev server must use Postgres","priority":"Medium","externalId":"Quest-90","issueType":"Bug","resolution":"resolved"},{"status":"Done","updated":"2013-01-26T13:06:38.252571+00:00","watchers":["557058:75d9630a-689f-4e0e-a6dd-6368bb668f02"],"description":"Imported from https:\/\/bitbucket.org\/kevindunn\/quest\/issues\/32\/test-is-saved-items-and-come-back \n\n * radio\r\n* select\r\n* textarea\r\n* short answer questions","reporter":"557058:75d9630a-689f-4e0e-a6dd-6368bb668f02","created":"2013-01-20T23:42:39.182579+00:00","comments":[{"body":"Can handle all of these now.","created":"2013-01-26T13:06:38.276823+00:00","author":"557058:75d9630a-689f-4e0e-a6dd-6368bb668f02"}],"summary":"Test is saved items and come back","priority":"Medium","externalId":"Quest-32","issueType":"Bug","resolution":"resolved"},{"status":"Done","updated":"2013-08-29T00:21:23.140087+00:00","watchers":["557058:75d9630a-689f-4e0e-a6dd-6368bb668f02"],"description":"Imported from https:\/\/bitbucket.org\/kevindunn\/quest\/issues\/34\/sort-out-the-mess-between-timing-and-token \n\n * what's the difference\r\n* what happens when Token or Timing is invalid \/ used up?\r\n* How to ensure users can see the solutions to previous Quiz sets when working on a subsequent quiz set","reporter":"557058:75d9630a-689f-4e0e-a6dd-6368bb668f02","created":"2013-01-21T01:30:29.777738+00:00","comments":[{"body":"Fixed. Tokens are for authentication.\n\nTiming Objects are used to help decide authorization on what can be done (answering questions, seeing solutions, etc)","created":"2013-08-29T00:21:23.197595+00:00","author":"557058:75d9630a-689f-4e0e-a6dd-6368bb668f02"}],"summary":"Sort out the mess between Timing and Token objects","priority":"Medium","externalId":"Quest-34","issueType":"Bug","resolution":"resolved"},{"status":"Done","updated":"2013-08-25T13:02:05.652920+00:00","watchers":["557058:75d9630a-689f-4e0e-a6dd-6368bb668f02"],"description":"Imported from https:\/\/bitbucket.org\/kevindunn\/quest\/issues\/58\/on-time-out-of-test \n\n Save all current typing; redirect the user to the sign-in page.\r\n\r\nGive a 30 second grace period warning in bright red","reporter":"557058:75d9630a-689f-4e0e-a6dd-6368bb668f02","created":"2013-01-28T20:57:58.707117+00:00","comments":[{"body":"Not been an issue that I'm aware of.","created":"2013-08-25T13:02:05.678196+00:00","author":"557058:75d9630a-689f-4e0e-a6dd-6368bb668f02"}],"summary":"On time out of test","priority":"Medium","externalId":"Quest-58","issueType":"Bug","resolution":"resolved"},{"status":"Done","updated":"2013-01-30T01:41:32.570964+00:00","watchers":["557058:75d9630a-689f-4e0e-a6dd-6368bb668f02"],"description":"Imported from https:\/\/bitbucket.org\/kevindunn\/quest\/issues\/59\/taimoor-khan-test-on-28-jan-generated-a \n\n iPhone related?\r\n\r\n","reporter":"557058:75d9630a-689f-4e0e-a6dd-6368bb668f02","created":"2013-01-28T21:49:59.521961+00:00","comments":[{"body":"Was key error. Resolved.","created":"2013-01-30T01:41:32.590705+00:00","author":"557058:75d9630a-689f-4e0e-a6dd-6368bb668f02"}],"summary":"Taimoor Khan test on 28 Jan generated a lot of errors","priority":"Medium","externalId":"Quest-59","issueType":"Bug","resolution":"resolved"},{"status":"Done","updated":"2013-01-27T21:28:18.737766+00:00","watchers":["557058:75d9630a-689f-4e0e-a6dd-6368bb668f02"],"description":"Imported from https:\/\/bitbucket.org\/kevindunn\/quest\/issues\/44\/starting-time-not-in-military-time-eg-10 \n\n Use AM\/PM instead","reporter":"557058:75d9630a-689f-4e0e-a6dd-6368bb668f02","created":"2013-01-22T01:33:07.574207+00:00","comments":[{"body":"Fixed around 21c6a84afa58","created":"2013-01-27T21:28:18.765742+00:00","author":"557058:75d9630a-689f-4e0e-a6dd-6368bb668f02"}],"summary":"Starting time not in military time, e.g. 10:53 (without AM or PM)","priority":"Medium","externalId":"Quest-44","issueType":"Bug","resolution":"resolved"},{"status":"Done","updated":"2013-08-23T21:25:33.976028+00:00","watchers":["557058:75d9630a-689f-4e0e-a6dd-6368bb668f02"],"description":"Imported from https:\/\/bitbucket.org\/kevindunn\/quest\/issues\/91\/show-last-edited-date-and-time-in-each \n\n Store it, and display it in the object.\r\n\r\nIt helps me to track back in the Apache log files","reporter":"557058:75d9630a-689f-4e0e-a6dd-6368bb668f02","created":"2013-04-24T19:39:39.761012+00:00","comments":[{"body":"Done in 1c38c30cf2cf","created":"2013-08-23T21:25:34.001394+00:00","author":"557058:75d9630a-689f-4e0e-a6dd-6368bb668f02"}],"summary":"Show last edited date and time in each qactual","priority":"Medium","externalId":"Quest-91","issueType":"Bug","resolution":"resolved"},{"status":"Backlog","updated":"2013-01-29T03:33:24.402258+00:00","watchers":["557058:75d9630a-689f-4e0e-a6dd-6368bb668f02"],"description":"Imported from https:\/\/bitbucket.org\/kevindunn\/quest\/issues\/61\/always-have-an-open-question \n\n What are your thoughts about:\r\n* the questions on this test\r\n* this Quest testing system.\r\n\r\nThis is an optional question (no grades involved)","reporter":"557058:75d9630a-689f-4e0e-a6dd-6368bb668f02","created":"2013-01-29T03:33:24.402258+00:00","summary":"Always have an open question","priority":"Medium","externalId":"Quest-61","issueType":"Bug"},{"status":"Backlog","updated":"2013-02-08T18:36:50.461881+00:00","watchers":["557058:75d9630a-689f-4e0e-a6dd-6368bb668f02"],"description":"Imported from https:\/\/bitbucket.org\/kevindunn\/quest\/issues\/68\/decimal-accuracy-on-displayed-results-from \n\n ","reporter":"557058:75d9630a-689f-4e0e-a6dd-6368bb668f02","created":"2013-02-08T18:36:50.461881+00:00","summary":"Decimal accuracy on displayed results from Python code","priority":"Medium","externalId":"Quest-68","issueType":"Bug"},{"status":"Backlog","updated":"2013-03-19T21:12:51.264827+00:00","watchers":["557058:75d9630a-689f-4e0e-a6dd-6368bb668f02"],"description":"Imported from https:\/\/bitbucket.org\/kevindunn\/quest\/issues\/83\/grades-breakdown \n\n Break out stats by different achievement levels: high, medium, low; to get a sense of what the different groups are doing.","reporter":"557058:75d9630a-689f-4e0e-a6dd-6368bb668f02","created":"2013-03-19T21:12:51.264827+00:00","summary":"Grades breakdown.","priority":"Medium","externalId":"Quest-83","issueType":"Bug"},{"status":"Backlog","updated":"2013-04-23T14:06:29.922215+00:00","watchers":["557058:75d9630a-689f-4e0e-a6dd-6368bb668f02"],"description":"Imported from https:\/\/bitbucket.org\/kevindunn\/quest\/issues\/85\/handle-floating-points-with-commas-eg-64-4 \n\n ","reporter":"557058:75d9630a-689f-4e0e-a6dd-6368bb668f02","created":"2013-04-23T14:06:29.922215+00:00","summary":"Handle floating points with commas: e.g 64,4  = 64.4","priority":"Medium","externalId":"Quest-85","issueType":"Bug"}],"description":"Issues exported from https:\/\/bitbucket.org\/kevindunn\/quest"}]}